mp4_url,webm_url
https://video.r2.moele.me/v/31768/31758453_a-01.mp4,https://v.moele.me/v/31768/31758453_a-01.webm
https://video.r2.moele.me/v/31680/31670932_a-01.mp4,https://v.moele.me/v/31680/31670932_a-01.webm
https://video.r2.moele.me/v/31646/31636452_a-01.mp4,https://v.moele.me/v/31646/31636452_a-01.webm
https://video.r2.moele.me/v/31345/31335529_a-01.mp4,https://v.moele.me/v/31345/31335529_a-01.webm
https://video.r2.moele.me/v/31556/31546615_a-01.mp4,https://v.moele.me/v/31556/31546615_a-01.webm
https://video.r2.moele.me/v/31539/31529243_a-01.mp4,https://v.moele.me/v/31539/31529243_a-01.webm
https://video.r2.moele.me/v/31507/31497588_a-01.mp4,https://v.moele.me/v/31507/31497588_a-01.webm
https://video.r2.moele.me/v/31322/31312738_a-01.mp4,https://v.moele.me/v/31322/31312738_a-01.webm
https://video.r2.moele.me/v/31312/31302574_a-01.mp4,https://v.moele.me/v/31312/31302574_a-01.webm
https://video.r2.moele.me/v/31293/31283211_a-01.mp4,https://v.moele.me/v/31293/31283211_a-01.webm
https://video.r2.moele.me/v/31045/31035114_a-01.mp4,https://v.moele.me/v/31045/31035114_a-01.webm
https://video.r2.moele.me/v/31031/31021054_a-01.mp4,https://v.moele.me/v/31031/31021054_a-01.webm
https://video.r2.moele.me/v/31140/31130945_a-01.mp4,https://v.moele.me/v/31140/31130945_a-01.webm
https://video.r2.moele.me/v/31084/31074940_a-01.mp4,https://v.moele.me/v/31084/31074940_a-01.webm
https://video.r2.moele.me/v/31081/31071310_a-01.mp4,https://v.moele.me/v/31081/31071310_a-01.webm
https://video.r2.moele.me/v/31073/31063566_a-01.mp4,https://v.moele.me/v/31073/31063566_a-01.webm
https://video.r2.moele.me/v/30999/30989198_a-01.mp4,https://v.moele.me/v/30999/30989198_a-01.webm
https://video.r2.moele.me/v/31001/30991198_a-01.mp4,https://v.moele.me/v/31001/30991198_a-01.webm
https://video.r2.moele.me/v/30962/30952816_a-01.mp4,https://v.moele.me/v/30962/30952816_a-01.webm
https://video.r2.moele.me/v/30858/30848332_a-01.mp4,https://v.moele.me/v/30858/30848332_a-01.webm
https://video.r2.moele.me/v/30834/30824235_a-01.mp4,https://v.moele.me/v/30834/30824235_a-01.webm
https://video.r2.moele.me/v/30737/30727419_a-01.mp4,https://v.moele.me/v/30737/30727419_a-01.webm
https://video.r2.moele.me/v/30774/30764374_a-01.mp4,https://v.moele.me/v/30774/30764374_a-01.webm
https://video.r2.moele.me/v/30707/30697737_a-01.mp4,https://v.moele.me/v/30707/30697737_a-01.webm
https://video.r2.moele.me/v/30693/30683173_a-01.mp4,https://v.moele.me/v/30693/30683173_a-01.webm
https://video.r2.moele.me/v/30623/30613336_a-01.mp4,https://v.moele.me/v/30623/30613336_a-01.webm
https://video.r2.moele.me/v/30642/30632427_a-01.mp4,https://v.moele.me/v/30642/30632427_a-01.webm
https://video.r2.moele.me/v/30642/30632428_a-01.mp4,https://v.moele.me/v/30642/30632428_a-01.webm
https://video.r2.moele.me/v/30642/30632434_a-01.mp4,https://v.moele.me/v/30642/30632434_a-01.webm
https://video.r2.moele.me/v/30596/30586477_a-01.mp4,https://v.moele.me/v/30596/30586477_a-01.webm
https://video.r2.moele.me/v/30559/30549125_a-01.mp4,https://v.moele.me/v/30559/30549125_a-01.webm
https://video.r2.moele.me/v/30441/30431314_a-01.mp4,https://v.moele.me/v/30441/30431314_a-01.webm
https://video.r2.moele.me/v/30564/30554991_a-01.mp4,https://v.moele.me/v/30564/30554991_a-01.webm
https://video.r2.moele.me/v/30551/30541667_a-01.mp4,https://v.moele.me/v/30551/30541667_a-01.webm
https://video.r2.moele.me/v/30529/30519595_a-01.mp4,https://v.moele.me/v/30529/30519595_a-01.webm
https://video.r2.moele.me/v/30521/30511309_a-01.mp4,https://v.moele.me/v/30521/30511309_a-01.webm
https://video.r2.moele.me/v/30510/30500291_a-01.mp4,https://v.moele.me/v/30510/30500291_a-01.webm
https://video.r2.moele.me/v/30509/30499843_a-01.mp4,https://v.moele.me/v/30509/30499843_a-01.webm
https://video.r2.moele.me/v/30509/30499558_a-01.mp4,https://v.moele.me/v/30509/30499558_a-01.webm
https://video.r2.moele.me/v/30508/30498747_a-01.mp4,https://v.moele.me/v/30508/30498747_a-01.webm
https://video.r2.moele.me/v/30504/30494378_a-01.mp4,https://v.moele.me/v/30504/30494378_a-01.webm
https://video.r2.moele.me/v/30489/30479668_a-01.mp4,https://v.moele.me/v/30489/30479668_a-01.webm
https://video.r2.moele.me/v/30484/30474366_a-01.mp4,https://v.moele.me/v/30484/30474366_a-01.webm
https://video.r2.moele.me/v/30454/30444892_a-01.mp4,https://v.moele.me/v/30454/30444892_a-01.webm
https://video.r2.moele.me/v/30438/30428977_a-01.mp4,https://v.moele.me/v/30438/30428977_a-01.webm
https://video.r2.moele.me/v/30437/30427098_a-01.mp4,https://v.moele.me/v/30437/30427098_a-01.webm
https://video.r2.moele.me/v/30434/30424307_a-01.mp4,https://v.moele.me/v/30434/30424307_a-01.webm
https://video.r2.moele.me/v/30412/30402960_a-01.mp4,https://v.moele.me/v/30412/30402960_a-01.webm
https://video.r2.moele.me/v/30405/30395871_a-01.mp4,https://v.moele.me/v/30405/30395871_a-01.webm
https://video.r2.moele.me/v/30372/30362943_a-01.mp4,https://v.moele.me/v/30372/30362943_a-01.webm
https://video.r2.moele.me/v/30348/30338270_a-01.mp4,https://v.moele.me/v/30348/30338270_a-01.webm
https://video.r2.moele.me/v/30283/30273429_a-01.mp4,https://v.moele.me/v/30283/30273429_a-01.webm
https://video.r2.moele.me/v/30283/30273526_a-01.mp4,https://v.moele.me/v/30283/30273526_a-01.webm
https://video.r2.moele.me/v/30269/30259194_a-01.mp4,https://v.moele.me/v/30269/30259194_a-01.webm
https://video.r2.moele.me/v/30252/30242559_a-01.mp4,https://v.moele.me/v/30252/30242559_a-01.webm
https://video.r2.moele.me/v/30246/30236006_a-01.mp4,https://v.moele.me/v/30246/30236006_a-01.webm
https://video.r2.moele.me/v/30238/30228830_a-01.mp4,https://v.moele.me/v/30238/30228830_a-01.webm
https://video.r2.moele.me/v/30236/30226320_a-01.mp4,https://v.moele.me/v/30236/30226320_a-01.webm
https://video.r2.moele.me/v/30215/30205680_a-01.mp4,https://v.moele.me/v/30215/30205680_a-01.webm
https://video.r2.moele.me/v/30207/30197231_a-01.mp4,https://v.moele.me/v/30207/30197231_a-01.webm
https://video.r2.moele.me/v/30182/30172150_a-01.mp4,https://v.moele.me/v/30182/30172150_a-01.webm
https://video.r2.moele.me/v/30173/30163301_a-01.mp4,https://v.moele.me/v/30173/30163301_a-01.webm
https://video.r2.moele.me/v/30156/30146182_a-01.mp4,https://v.moele.me/v/30156/30146182_a-01.webm
https://video.r2.moele.me/v/30129/30119105_a-01.mp4,https://v.moele.me/v/30129/30119105_a-01.webm
https://video.r2.moele.me/v/30109/30099659_a-01.mp4,https://v.moele.me/v/30109/30099659_a-01.webm
https://video.r2.moele.me/v/30098/30088284_a-01.mp4,https://v.moele.me/v/30098/30088284_a-01.webm
https://video.r2.moele.me/v/30095/30085830_a-01.mp4,https://v.moele.me/v/30095/30085830_a-01.webm
https://video.r2.moele.me/v/30095/30085843_a-01.mp4,https://v.moele.me/v/30095/30085843_a-01.webm
https://video.r2.moele.me/v/30076/30066525_a-01.mp4,https://v.moele.me/v/30076/30066525_a-01.webm
https://video.r2.moele.me/v/30076/30066752_a-01.mp4,https://v.moele.me/v/30076/30066752_a-01.webm
https://video.r2.moele.me/v/30077/30067253_a-01.mp4,https://v.moele.me/v/30077/30067253_a-01.webm
https://video.r2.moele.me/v/30077/30067570_a-01.mp4,https://v.moele.me/v/30077/30067570_a-01.webm
https://video.r2.moele.me/v/30077/30067597_a-01.mp4,https://v.moele.me/v/30077/30067597_a-01.webm
https://video.r2.moele.me/v/30055/30045371_a-01.mp4,https://v.moele.me/v/30055/30045371_a-01.webm
https://video.r2.moele.me/v/30072/30062850_a-01.mp4,https://v.moele.me/v/30072/30062850_a-01.webm
https://video.r2.moele.me/v/30071/30061527_a-01.mp4,https://v.moele.me/v/30071/30061527_a-01.webm
https://video.r2.moele.me/v/30055/30045011_a-01.mp4,https://v.moele.me/v/30055/30045011_a-01.webm
https://video.r2.moele.me/v/30050/30040884_a-01.mp4,https://v.moele.me/v/30050/30040884_a-01.webm
https://video.r2.moele.me/v/30050/30040806_a-01.mp4,https://v.moele.me/v/30050/30040806_a-01.webm
https://video.r2.moele.me/v/30028/30018959_a-01.mp4,https://v.moele.me/v/30028/30018959_a-01.webm
https://video.r2.moele.me/v/30003/29993056_a-01.mp4,https://v.moele.me/v/30003/29993056_a-01.webm
https://video.r2.moele.me/v/30000/29990869_a-01.mp4,https://v.moele.me/v/30000/29990869_a-01.webm
https://video.r2.moele.me/v/29998/29988395_a-01.mp4,https://v.moele.me/v/29998/29988395_a-01.webm
https://video.r2.moele.me/v/29973/29963954_a-01.mp4,https://v.moele.me/v/29973/29963954_a-01.webm
https://video.r2.moele.me/v/29965/29955990_a-01.mp4,https://v.moele.me/v/29965/29955990_a-01.webm
https://video.r2.moele.me/v/29963/29953807_a-01.mp4,https://v.moele.me/v/29963/29953807_a-01.webm
https://video.r2.moele.me/v/29957/29947054_a-01.mp4,https://v.moele.me/v/29957/29947054_a-01.webm
https://video.r2.moele.me/v/29957/29947746_a-01.mp4,https://v.moele.me/v/29957/29947746_a-01.webm
https://video.r2.moele.me/v/29956/29946517_a-01.mp4,https://v.moele.me/v/29956/29946517_a-01.webm
https://video.r2.moele.me/v/29949/29939736_a-01.mp4,https://v.moele.me/v/29949/29939736_a-01.webm
https://video.r2.moele.me/v/29940/29930027_a-01.mp4,https://v.moele.me/v/29940/29930027_a-01.webm
https://video.r2.moele.me/v/29928/29918267_a-01.mp4,https://v.moele.me/v/29928/29918267_a-01.webm
https://video.r2.moele.me/v/29897/29887999_a-01.mp4,https://v.moele.me/v/29897/29887999_a-01.webm
https://video.r2.moele.me/v/29898/29888057_a-01.mp4,https://v.moele.me/v/29898/29888057_a-01.webm
https://video.r2.moele.me/v/29890/29880190_a-01.mp4,https://v.moele.me/v/29890/29880190_a-01.webm
https://video.r2.moele.me/v/29887/29877557_a-01.mp4,https://v.moele.me/v/29887/29877557_a-01.webm
https://video.r2.moele.me/v/29865/29855208_a-01.mp4,https://v.moele.me/v/29865/29855208_a-01.webm
https://video.r2.moele.me/v/29867/29857677_a-01.mp4,https://v.moele.me/v/29867/29857677_a-01.webm
https://video.r2.moele.me/v/29867/29857357_a-01.mp4,https://v.moele.me/v/29867/29857357_a-01.webm
https://video.r2.moele.me/v/29735/29725564_a-01.mp4,https://v.moele.me/v/29735/29725564_a-01.webm
https://video.r2.moele.me/v/29836/29826878_a-01.mp4,https://v.moele.me/v/29836/29826878_a-01.webm
https://video.r2.moele.me/v/29807/29797690_a-01.mp4,https://v.moele.me/v/29807/29797690_a-01.webm
https://video.r2.moele.me/v/29796/29786981_a-01.mp4,https://v.moele.me/v/29796/29786981_a-01.webm
https://video.r2.moele.me/v/29797/29787087_a-01.mp4,https://v.moele.me/v/29797/29787087_a-01.webm
https://video.r2.moele.me/v/29771/29761611_a-01.mp4,https://v.moele.me/v/29771/29761611_a-01.webm
https://video.r2.moele.me/v/29770/29760083_a-01.mp4,https://v.moele.me/v/29770/29760083_a-01.webm
https://video.r2.moele.me/v/29770/29760169_a-01.mp4,https://v.moele.me/v/29770/29760169_a-01.webm
https://video.r2.moele.me/v/29754/29744473_a-01.mp4,https://v.moele.me/v/29754/29744473_a-01.webm
https://video.r2.moele.me/v/29753/29743607_a-01.mp4,https://v.moele.me/v/29753/29743607_a-01.webm
https://video.r2.moele.me/v/29745/29735101_a-01.mp4,https://v.moele.me/v/29745/29735101_a-01.webm
https://video.r2.moele.me/v/29743/29733042_a-01.mp4,https://v.moele.me/v/29743/29733042_a-01.webm
https://video.r2.moele.me/v/29741/29731266_a-01.mp4,https://v.moele.me/v/29741/29731266_a-01.webm
https://video.r2.moele.me/v/29722/29712236_a-01.mp4,https://v.moele.me/v/29722/29712236_a-01.webm
https://video.r2.moele.me/v/29733/29723649_a-01.mp4,https://v.moele.me/v/29733/29723649_a-01.webm
https://video.r2.moele.me/v/29723/29713068_a-01.mp4,https://v.moele.me/v/29723/29713068_a-01.webm
https://video.r2.moele.me/v/29706/29696583_a-01.mp4,https://v.moele.me/v/29706/29696583_a-01.webm
https://video.r2.moele.me/v/29702/29692963_a-01.mp4,https://v.moele.me/v/29702/29692963_a-01.webm
https://video.r2.moele.me/v/29685/29675728_a-01.mp4,https://v.moele.me/v/29685/29675728_a-01.webm
https://video.r2.moele.me/v/29658/29648977_a-01.mp4,https://v.moele.me/v/29658/29648977_a-01.webm
https://video.r2.moele.me/v/29634/29624733_a-01.mp4,https://v.moele.me/v/29634/29624733_a-01.webm
https://video.r2.moele.me/v/29617/29607493_a-01.mp4,https://v.moele.me/v/29617/29607493_a-01.webm
https://video.r2.moele.me/v/29603/29593717_a-01.mp4,https://v.moele.me/v/29603/29593717_a-01.webm
https://video.r2.moele.me/v/29601/29591702_a-01.mp4,https://v.moele.me/v/29601/29591702_a-01.webm
https://video.r2.moele.me/v/29574/29564217_a-01.mp4,https://v.moele.me/v/29574/29564217_a-01.webm
https://video.r2.moele.me/v/29568/29558614_a-01.mp4,https://v.moele.me/v/29568/29558614_a-01.webm
https://video.r2.moele.me/v/29541/29531286_a-01.mp4,https://v.moele.me/v/29541/29531286_a-01.webm
https://video.r2.moele.me/v/28240/28230693_a-01.mp4,https://v.moele.me/v/28240/28230693_a-01.webm
https://video.r2.moele.me/v/29551/29541000_a-01.mp4,https://v.moele.me/v/29551/29541000_a-01.webm
https://video.r2.moele.me/v/29551/29541085_a-01.mp4,https://v.moele.me/v/29551/29541085_a-01.webm
https://video.r2.moele.me/v/29551/29541118_a-01.mp4,https://v.moele.me/v/29551/29541118_a-01.webm
https://video.r2.moele.me/v/29550/29540437_a-01.mp4,https://v.moele.me/v/29550/29540437_a-01.webm
https://video.r2.moele.me/v/29529/29519010_a-01.mp4,https://v.moele.me/v/29529/29519010_a-01.webm
https://video.r2.moele.me/v/29528/29518175_a-01.mp4,https://v.moele.me/v/29528/29518175_a-01.webm
https://video.r2.moele.me/v/29528/29518200_a-01.mp4,https://v.moele.me/v/29528/29518200_a-01.webm
https://video.r2.moele.me/v/29518/29508845_a-01.mp4,https://v.moele.me/v/29518/29508845_a-01.webm
https://video.r2.moele.me/v/29471/29461909_a-01.mp4,https://v.moele.me/v/29471/29461909_a-01.webm
https://video.r2.moele.me/v/29465/29455712_a-01.mp4,https://v.moele.me/v/29465/29455712_a-01.webm
https://video.r2.moele.me/v/28388/28378576_a-01.mp4,https://v.moele.me/v/28388/28378576_a-01.webm
https://video.r2.moele.me/v/28388/28378550_a-01.mp4,https://v.moele.me/v/28388/28378550_a-01.webm
https://video.r2.moele.me/v/29404/29394347_a-01.mp4,https://v.moele.me/v/29404/29394347_a-01.webm
https://video.r2.moele.me/v/29436/29426349_a-01.mp4,https://v.moele.me/v/29436/29426349_a-01.webm
https://video.r2.moele.me/v/29436/29426364_a-01.mp4,https://v.moele.me/v/29436/29426364_a-01.webm
https://video.r2.moele.me/v/29412/29402154_a-01.mp4,https://v.moele.me/v/29412/29402154_a-01.webm
https://video.r2.moele.me/v/29393/29383105_a-01.mp4,https://v.moele.me/v/29393/29383105_a-01.webm
https://video.r2.moele.me/v/29393/29383094_a-01.mp4,https://v.moele.me/v/29393/29383094_a-01.webm
https://video.r2.moele.me/v/29376/29366532_a-01.mp4,https://v.moele.me/v/29376/29366532_a-01.webm
https://video.r2.moele.me/v/29335/29325686_a-01.mp4,https://v.moele.me/v/29335/29325686_a-01.webm
https://video.r2.moele.me/v/29334/29324236_a-01.mp4,https://v.moele.me/v/29334/29324236_a-01.webm
https://video.r2.moele.me/v/29335/29325211_a-01.mp4,https://v.moele.me/v/29335/29325211_a-01.webm
https://video.r2.moele.me/v/29331/29321634_a-01.mp4,https://v.moele.me/v/29331/29321634_a-01.webm
https://video.r2.moele.me/v/29312/29302081_a-01.mp4,https://v.moele.me/v/29312/29302081_a-01.webm
https://video.r2.moele.me/v/29288/29278466_a-01.mp4,https://v.moele.me/v/29288/29278466_a-01.webm
https://video.r2.moele.me/v/29261/29251290_a-01.mp4,https://v.moele.me/v/29261/29251290_a-01.webm
https://video.r2.moele.me/v/29247/29237533_a-01.mp4,https://v.moele.me/v/29247/29237533_a-01.webm
https://video.r2.moele.me/v/29196/29186091_a-01.mp4,https://v.moele.me/v/29196/29186091_a-01.webm
https://video.r2.moele.me/v/29182/29172843_a-01.mp4,https://v.moele.me/v/29182/29172843_a-01.webm
https://video.r2.moele.me/v/29166/29156680_a-01.mp4,https://v.moele.me/v/29166/29156680_a-01.webm
https://video.r2.moele.me/v/29156/29146352_a-01.mp4,https://v.moele.me/v/29156/29146352_a-01.webm
https://video.r2.moele.me/v/29155/29145445_a-01.mp4,https://v.moele.me/v/29155/29145445_a-01.webm
https://video.r2.moele.me/v/29116/29106575_a-01.mp4,https://v.moele.me/v/29116/29106575_a-01.webm
https://video.r2.moele.me/v/29087/29077679_a-01.mp4,https://v.moele.me/v/29087/29077679_a-01.webm
https://video.r2.moele.me/v/28996/28986681_a-01.mp4,https://v.moele.me/v/28996/28986681_a-01.webm
https://video.r2.moele.me/v/28960/28950065_a-01.mp4,https://v.moele.me/v/28960/28950065_a-01.webm
https://video.r2.moele.me/v/28939/28929060_a-01.mp4,https://v.moele.me/v/28939/28929060_a-01.webm
https://video.r2.moele.me/v/28781/28771285_a-01.mp4,https://v.moele.me/v/28781/28771285_a-01.webm
https://video.r2.moele.me/v/28751/28741346_a-01.mp4,https://v.moele.me/v/28751/28741346_a-01.webm
https://video.r2.moele.me/v/28729/28719058_a-01.mp4,https://v.moele.me/v/28729/28719058_a-01.webm
https://video.r2.moele.me/v/28634/28624581_a-01.mp4,https://v.moele.me/v/28634/28624581_a-01.webm
https://video.r2.moele.me/v/28607/28597744_a-01.mp4,https://v.moele.me/v/28607/28597744_a-01.webm
https://video.r2.moele.me/v/28602/28592515_a-01.mp4,https://v.moele.me/v/28602/28592515_a-01.webm
https://video.r2.moele.me/v/28569/28559649_a-01.mp4,https://v.moele.me/v/28569/28559649_a-01.webm
https://video.r2.moele.me/v/28475/28465222_a-01.mp4,https://v.moele.me/v/28475/28465222_a-01.webm
https://video.r2.moele.me/v/28543/28533666_a-01.mp4,https://v.moele.me/v/28543/28533666_a-01.webm
https://video.r2.moele.me/v/28542/28532058_a-01.mp4,https://v.moele.me/v/28542/28532058_a-01.webm
https://video.r2.moele.me/v/28475/28465497_a-01.mp4,https://v.moele.me/v/28475/28465497_a-01.webm
https://video.r2.moele.me/v/28349/28339372_a-01.mp4,https://v.moele.me/v/28349/28339372_a-01.webm
https://video.r2.moele.me/v/28274/28264930_a-01.mp4,https://v.moele.me/v/28274/28264930_a-01.webm
https://video.r2.moele.me/v/28286/28276051_a-01.mp4,https://v.moele.me/v/28286/28276051_a-01.webm
https://video.r2.moele.me/v/28248/28238113_a-01.mp4,https://v.moele.me/v/28248/28238113_a-01.webm
https://video.r2.moele.me/v/28081/28071414_a-01.mp4,https://v.moele.me/v/28081/28071414_a-01.webm
https://video.r2.moele.me/v/28074/28064383_a-01.mp4,https://v.moele.me/v/28074/28064383_a-01.webm
https://video.r2.moele.me/v/28075/28065354_a-01.mp4,https://v.moele.me/v/28075/28065354_a-01.webm
https://video.r2.moele.me/v/28072/28062489_a-01.mp4,https://v.moele.me/v/28072/28062489_a-01.webm
https://video.r2.moele.me/v/27983/27973567_a-01.mp4,https://v.moele.me/v/27983/27973567_a-01.webm
https://video.r2.moele.me/v/28002/27992967_a-01.mp4,https://v.moele.me/v/28002/27992967_a-01.webm
https://video.r2.moele.me/v/27838/27828590_a-01.mp4,https://v.moele.me/v/27838/27828590_a-01.webm
https://video.r2.moele.me/v/27862/27852221_a-01.mp4,https://v.moele.me/v/27862/27852221_a-01.webm
https://video.r2.moele.me/v/27839/27829633_a-01.mp4,https://v.moele.me/v/27839/27829633_a-01.webm
https://video.r2.moele.me/v/27814/27804056_a-01.mp4,https://v.moele.me/v/27814/27804056_a-01.webm
https://video.r2.moele.me/v/27698/27688933_a-01.mp4,https://v.moele.me/v/27698/27688933_a-01.webm
https://video.r2.moele.me/v/27744/27734468_a-01.mp4,https://v.moele.me/v/27744/27734468_a-01.webm
https://video.r2.moele.me/v/27729/27719902_a-01.mp4,https://v.moele.me/v/27729/27719902_a-01.webm
https://video.r2.moele.me/v/27737/27727478_a-01.mp4,https://v.moele.me/v/27737/27727478_a-01.webm
https://video.r2.moele.me/v/27725/27715122_a-01.mp4,https://v.moele.me/v/27725/27715122_a-01.webm
https://video.r2.moele.me/v/27661/27651848_a-01.mp4,https://v.moele.me/v/27661/27651848_a-01.webm
https://video.r2.moele.me/v/27649/27639842_a-01.mp4,https://v.moele.me/v/27649/27639842_a-01.webm
https://video.r2.moele.me/v/27543/27533970_a-01.mp4,https://v.moele.me/v/27543/27533970_a-01.webm
https://video.r2.moele.me/v/27533/27523343_a-01.mp4,https://v.moele.me/v/27533/27523343_a-01.webm
https://video.r2.moele.me/v/27480/27470428_a-01.mp4,https://v.moele.me/v/27480/27470428_a-01.webm
https://video.r2.moele.me/v/27479/27469987_a-01.mp4,https://v.moele.me/v/27479/27469987_a-01.webm
https://video.r2.moele.me/v/27442/27432424_a-01.mp4,https://v.moele.me/v/27442/27432424_a-01.webm
https://video.r2.moele.me/v/27382/27372510_a-01.mp4,https://v.moele.me/v/27382/27372510_a-01.webm
https://video.r2.moele.me/v/27365/27355433_a-01.mp4,https://v.moele.me/v/27365/27355433_a-01.webm
https://video.r2.moele.me/v/26888/26878334_a-01.mp4,https://v.moele.me/v/26888/26878334_a-01.webm
https://video.r2.moele.me/v/26887/26877830_a-01.mp4,https://v.moele.me/v/26887/26877830_a-01.webm
https://video.r2.moele.me/v/26887/26877887_a-01.mp4,https://v.moele.me/v/26887/26877887_a-01.webm
https://video.r2.moele.me/v/26887/26877768_a-01.mp4,https://v.moele.me/v/26887/26877768_a-01.webm
https://video.r2.moele.me/v/26888/26878168_a-01.mp4,https://v.moele.me/v/26888/26878168_a-01.webm
https://video.r2.moele.me/v/26916/26906192_a-01.mp4,https://v.moele.me/v/26916/26906192_a-01.webm
https://video.r2.moele.me/v/26916/26906197_a-01.mp4,https://v.moele.me/v/26916/26906197_a-01.webm
https://video.r2.moele.me/v/27043/27033783_a-01.mp4,https://v.moele.me/v/27043/27033783_a-01.webm
https://video.r2.moele.me/v/27048/27038597_a-01.mp4,https://v.moele.me/v/27048/27038597_a-01.webm
https://video.r2.moele.me/v/27048/27038611_a-01.mp4,https://v.moele.me/v/27048/27038611_a-01.webm
https://video.r2.moele.me/v/27049/27039439_a-01.mp4,https://v.moele.me/v/27049/27039439_a-01.webm
https://video.r2.moele.me/v/27064/27054124_a-01.mp4,https://v.moele.me/v/27064/27054124_a-01.webm
https://video.r2.moele.me/v/26991/26981997_a-01.mp4,https://v.moele.me/v/26991/26981997_a-01.webm
https://video.r2.moele.me/v/26882/26872918_a-01.mp4,https://v.moele.me/v/26882/26872918_a-01.webm
https://video.r2.moele.me/v/26834/26824351_a-01.mp4,https://v.moele.me/v/26834/26824351_a-01.webm
https://video.r2.moele.me/v/26735/26725239_a-01.mp4,https://v.moele.me/v/26735/26725239_a-01.webm
https://video.r2.moele.me/v/26686/26676642_a-01.mp4,https://v.moele.me/v/26686/26676642_a-01.webm
https://video.r2.moele.me/v/26654/26644368_a-01.mp4,https://v.moele.me/v/26654/26644368_a-01.webm
https://video.r2.moele.me/v/26499/26489628_a-01.mp4,https://v.moele.me/v/26499/26489628_a-01.webm
https://video.r2.moele.me/v/26483/26473659_a-01.mp4,https://v.moele.me/v/26483/26473659_a-01.webm
https://video.r2.moele.me/v/25785/25775961_a-01.mp4,https://v.moele.me/v/25785/25775961_a-01.webm
https://video.r2.moele.me/v/24524/24514979_a-01.mp4,https://v.moele.me/v/24524/24514979_a-01.webm
https://video.r2.moele.me/v/26063/26053660_a-01.mp4,https://v.moele.me/v/26063/26053660_a-01.webm
https://video.r2.moele.me/v/26074/26064713_a-01.mp4,https://v.moele.me/v/26074/26064713_a-01.webm
https://video.r2.moele.me/v/26074/26064703_a-01.mp4,https://v.moele.me/v/26074/26064703_a-01.webm
https://video.r2.moele.me/v/26028/26018262_a-01.mp4,https://v.moele.me/v/26028/26018262_a-01.webm
https://video.r2.moele.me/v/25928/25918486_a-01.mp4,https://v.moele.me/v/25928/25918486_a-01.webm
https://video.r2.moele.me/v/25904/25894816_a-01.mp4,https://v.moele.me/v/25904/25894816_a-01.webm
https://video.r2.moele.me/v/25889/25879451_a-01.mp4,https://v.moele.me/v/25889/25879451_a-01.webm
https://video.r2.moele.me/v/25534/25524138_a-01.mp4,https://v.moele.me/v/25534/25524138_a-01.webm
https://video.r2.moele.me/v/25511/25501596_a-01.mp4,https://v.moele.me/v/25511/25501596_a-01.webm
https://video.r2.moele.me/v/25324/25314419_a-01.mp4,https://v.moele.me/v/25324/25314419_a-01.webm
https://video.r2.moele.me/v/25328/25318088_a-01.mp4,https://v.moele.me/v/25328/25318088_a-01.webm
https://video.r2.moele.me/v/25301/25291100_a-01.mp4,https://v.moele.me/v/25301/25291100_a-01.webm
https://video.r2.moele.me/v/19380/19370808_a-01.mp4,https://v.moele.me/v/19380/19370808_a-01.webm
https://video.r2.moele.me/v/24979/24969947_a-01.mp4,https://v.moele.me/v/24979/24969947_a-01.webm
https://video.r2.moele.me/v/22946/22936486_a-01.mp4,https://v.moele.me/v/22946/22936486_a-01.webm
https://video.r2.moele.me/v/24731/24721943_a-01.mp4,https://v.moele.me/v/24731/24721943_a-01.webm
https://video.r2.moele.me/v/24482/24472928_a-01.mp4,https://v.moele.me/v/24482/24472928_a-01.webm
https://video.r2.moele.me/v/24164/24154747_a-01.mp4,https://v.moele.me/v/24164/24154747_a-01.webm
https://video.r2.moele.me/v/24124/24114438_a-01.mp4,https://v.moele.me/v/24124/24114438_a-01.webm
https://video.r2.moele.me/v/24114/24104245_a-01.mp4,https://v.moele.me/v/24114/24104245_a-01.webm
https://video.r2.moele.me/v/23917/23907333_a-01.mp4,https://v.moele.me/v/23917/23907333_a-01.webm
https://video.r2.moele.me/v/23777/23767368_a-01.mp4,https://v.moele.me/v/23777/23767368_a-01.webm
https://video.r2.moele.me/v/23721/23711093_a-01.mp4,https://v.moele.me/v/23721/23711093_a-01.webm
https://video.r2.moele.me/v/23624/23614168_a-01.mp4,https://v.moele.me/v/23624/23614168_a-01.webm
https://video.r2.moele.me/v/23609/23599652_a-01.mp4,https://v.moele.me/v/23609/23599652_a-01.webm
https://video.r2.moele.me/v/23616/23606114_a-01.mp4,https://v.moele.me/v/23616/23606114_a-01.webm
https://video.r2.moele.me/v/23542/23532473_a-01.mp4,https://v.moele.me/v/23542/23532473_a-01.webm
https://video.r2.moele.me/v/23376/23366107_a-01.mp4,https://v.moele.me/v/23376/23366107_a-01.webm
https://video.r2.moele.me/v/23122/23112633_a-01.mp4,https://v.moele.me/v/23122/23112633_a-01.webm
https://video.r2.moele.me/v/23104/23094199_a-01.mp4,https://v.moele.me/v/23104/23094199_a-01.webm
https://video.r2.moele.me/v/23085/23075102_a-01.mp4,https://v.moele.me/v/23085/23075102_a-01.webm
https://video.r2.moele.me/v/22988/22978365_a-01.mp4,https://v.moele.me/v/22988/22978365_a-01.webm
https://video.r2.moele.me/v/22911/22901902_a-01.mp4,https://v.moele.me/v/22911/22901902_a-01.webm
https://video.r2.moele.me/v/22908/22898465_a-01.mp4,https://v.moele.me/v/22908/22898465_a-01.webm
https://video.r2.moele.me/v/22824/22814490_a-01.mp4,https://v.moele.me/v/22824/22814490_a-01.webm
https://video.r2.moele.me/v/22824/22814491_a-01.mp4,https://v.moele.me/v/22824/22814491_a-01.webm
https://video.r2.moele.me/v/22824/22814492_a-01.mp4,https://v.moele.me/v/22824/22814492_a-01.webm
https://video.r2.moele.me/v/22745/22735968_a-01.mp4,https://v.moele.me/v/22745/22735968_a-01.webm
https://video.r2.moele.me/v/22730/22720042_a-01.mp4,https://v.moele.me/v/22730/22720042_a-01.webm
https://video.r2.moele.me/v/22694/22684337_a-01.mp4,https://v.moele.me/v/22694/22684337_a-01.webm
https://video.r2.moele.me/v/22694/22684249_a-01.mp4,https://v.moele.me/v/22694/22684249_a-01.webm
https://video.r2.moele.me/v/22603/22593323_a-01.mp4,https://v.moele.me/v/22603/22593323_a-01.webm
https://video.r2.moele.me/v/22569/22559256_a-01.mp4,https://v.moele.me/v/22569/22559256_a-01.webm
https://video.r2.moele.me/v/22475/22465182_a-01.mp4,https://v.moele.me/v/22475/22465182_a-01.webm
https://video.r2.moele.me/v/22468/22458391_a-01.mp4,https://v.moele.me/v/22468/22458391_a-01.webm
https://video.r2.moele.me/v/22443/22433902_a-01.mp4,https://v.moele.me/v/22443/22433902_a-01.webm
https://video.r2.moele.me/v/22422/22412107_a-01.mp4,https://v.moele.me/v/22422/22412107_a-01.webm
https://video.r2.moele.me/v/22386/22376613_a-01.mp4,https://v.moele.me/v/22386/22376613_a-01.webm
https://video.r2.moele.me/v/22263/22253248_a-01.mp4,https://v.moele.me/v/22263/22253248_a-01.webm
https://video.r2.moele.me/v/22098/22088168_a-01.mp4,https://v.moele.me/v/22098/22088168_a-01.webm
https://video.r2.moele.me/v/22068/22058456_a-01.mp4,https://v.moele.me/v/22068/22058456_a-01.webm
https://video.r2.moele.me/v/22028/22018788_a-01.mp4,https://v.moele.me/v/22028/22018788_a-01.webm
https://video.r2.moele.me/v/21895/21885426_a-01.mp4,https://v.moele.me/v/21895/21885426_a-01.webm
https://video.r2.moele.me/v/21742/21732713_a-01.mp4,https://v.moele.me/v/21742/21732713_a-01.webm
https://video.r2.moele.me/v/21717/21707499_a-01.mp4,https://v.moele.me/v/21717/21707499_a-01.webm
https://video.r2.moele.me/v/21710/21700053_a-01.mp4,https://v.moele.me/v/21710/21700053_a-01.webm
https://video.r2.moele.me/v/21534/21524089_a-01.mp4,https://v.moele.me/v/21534/21524089_a-01.webm
https://video.r2.moele.me/v/21600/21590922_a-01.mp4,https://v.moele.me/v/21600/21590922_a-01.webm
https://video.r2.moele.me/v/21591/21581190_a-01.mp4,https://v.moele.me/v/21591/21581190_a-01.webm
https://video.r2.moele.me/v/21495/21485323_a-01.mp4,https://v.moele.me/v/21495/21485323_a-01.webm
https://video.r2.moele.me/v/21483/21473652_a-01.mp4,https://v.moele.me/v/21483/21473652_a-01.webm
https://video.r2.moele.me/v/21471/21461527_a-01.mp4,https://v.moele.me/v/21471/21461527_a-01.webm
https://video.r2.moele.me/v/21471/21461939_a-01.mp4,https://v.moele.me/v/21471/21461939_a-01.webm
https://video.r2.moele.me/v/21472/21462214_a-01.mp4,https://v.moele.me/v/21472/21462214_a-01.webm
https://video.r2.moele.me/v/21472/21462422_a-01.mp4,https://v.moele.me/v/21472/21462422_a-01.webm
https://video.r2.moele.me/v/21434/21424171_a-01.mp4,https://v.moele.me/v/21434/21424171_a-01.webm
https://video.r2.moele.me/v/21435/21425023_a-01.mp4,https://v.moele.me/v/21435/21425023_a-01.webm
https://video.r2.moele.me/v/21435/21425038_a-01.mp4,https://v.moele.me/v/21435/21425038_a-01.webm
https://video.r2.moele.me/v/21394/21384106_a-01.mp4,https://v.moele.me/v/21394/21384106_a-01.webm
https://video.r2.moele.me/v/21365/21355148_a-01.mp4,https://v.moele.me/v/21365/21355148_a-01.webm
https://video.r2.moele.me/v/21264/21254087_a-01.mp4,https://v.moele.me/v/21264/21254087_a-01.webm
https://video.r2.moele.me/v/21238/21228070_a-01.mp4,https://v.moele.me/v/21238/21228070_a-01.webm
https://video.r2.moele.me/v/21182/21172025_a-01.mp4,https://v.moele.me/v/21182/21172025_a-01.webm
https://video.r2.moele.me/v/21123/21113550_a-01.mp4,https://v.moele.me/v/21123/21113550_a-01.webm
https://video.r2.moele.me/v/21123/21113608_a-01.mp4,https://v.moele.me/v/21123/21113608_a-01.webm
https://video.r2.moele.me/v/21114/21104453_a-01.mp4,https://v.moele.me/v/21114/21104453_a-01.webm
https://video.r2.moele.me/v/21123/21113187_a-01.mp4,https://v.moele.me/v/21123/21113187_a-01.webm
https://video.r2.moele.me/v/21059/21049794_a-01.mp4,https://v.moele.me/v/21059/21049794_a-01.webm
https://video.r2.moele.me/v/21035/21025526_a-01.mp4,https://v.moele.me/v/21035/21025526_a-01.webm
https://video.r2.moele.me/v/21035/21025436_a-01.mp4,https://v.moele.me/v/21035/21025436_a-01.webm
https://video.r2.moele.me/v/21027/21017260_a-01.mp4,https://v.moele.me/v/21027/21017260_a-01.webm
https://video.r2.moele.me/v/20999/20989222_a-01.mp4,https://v.moele.me/v/20999/20989222_a-01.webm
https://video.r2.moele.me/v/20999/20989182_a-01.mp4,https://v.moele.me/v/20999/20989182_a-01.webm
https://video.r2.moele.me/v/20970/20960742_a-01.mp4,https://v.moele.me/v/20970/20960742_a-01.webm
https://video.r2.moele.me/v/20970/20960348_a-01.mp4,https://v.moele.me/v/20970/20960348_a-01.webm
https://video.r2.moele.me/v/20969/20959415_a-01.mp4,https://v.moele.me/v/20969/20959415_a-01.webm
https://video.r2.moele.me/v/20969/20959420_a-01.mp4,https://v.moele.me/v/20969/20959420_a-01.webm
https://video.r2.moele.me/v/20873/20863507_a-01.mp4,https://v.moele.me/v/20873/20863507_a-01.webm
https://video.r2.moele.me/v/20815/20805070_a-01.mp4,https://v.moele.me/v/20815/20805070_a-01.webm
https://video.r2.moele.me/v/20733/20723410_a-01.mp4,https://v.moele.me/v/20733/20723410_a-01.webm
https://video.r2.moele.me/v/20726/20716067_a-01.mp4,https://v.moele.me/v/20726/20716067_a-01.webm
https://video.r2.moele.me/v/20712/20702980_a-01.mp4,https://v.moele.me/v/20712/20702980_a-01.webm
https://video.r2.moele.me/v/20714/20704473_a-01.mp4,https://v.moele.me/v/20714/20704473_a-01.webm
https://video.r2.moele.me/v/20680/20670045_a-01.mp4,https://v.moele.me/v/20680/20670045_a-01.webm
https://video.r2.moele.me/v/20537/20527363_a-01.mp4,https://v.moele.me/v/20537/20527363_a-01.webm
https://video.r2.moele.me/v/20225/20215989_a-01.mp4,https://v.moele.me/v/20225/20215989_a-01.webm
https://video.r2.moele.me/v/20130/20120644_a-01.mp4,https://v.moele.me/v/20130/20120644_a-01.webm
https://video.r2.moele.me/v/19937/19927454_a-01.mp4,https://v.moele.me/v/19937/19927454_a-01.webm
https://video.r2.moele.me/v/19822/19812890_a-01.mp4,https://v.moele.me/v/19822/19812890_a-01.webm
https://video.r2.moele.me/v/19823/19813889_a-01.mp4,https://v.moele.me/v/19823/19813889_a-01.webm
https://video.r2.moele.me/v/19764/19754735_a-01.mp4,https://v.moele.me/v/19764/19754735_a-01.webm
https://video.r2.moele.me/v/19774/19764284_a-01.mp4,https://v.moele.me/v/19774/19764284_a-01.webm
https://video.r2.moele.me/v/19634/19624597_a-01.mp4,https://v.moele.me/v/19634/19624597_a-01.webm
https://video.r2.moele.me/v/19644/19634480_a-01.mp4,https://v.moele.me/v/19644/19634480_a-01.webm
https://video.r2.moele.me/v/19613/19603318_a-01.mp4,https://v.moele.me/v/19613/19603318_a-01.webm
https://video.r2.moele.me/v/19601/19591061_a-01.mp4,https://v.moele.me/v/19601/19591061_a-01.webm
https://video.r2.moele.me/v/19597/19587992_a-01.mp4,https://v.moele.me/v/19597/19587992_a-01.webm
https://video.r2.moele.me/v/19598/19588670_a-01.mp4,https://v.moele.me/v/19598/19588670_a-01.webm
https://video.r2.moele.me/v/19591/19581515_a-01.mp4,https://v.moele.me/v/19591/19581515_a-01.webm
https://video.r2.moele.me/v/19588/19578573_a-01.mp4,https://v.moele.me/v/19588/19578573_a-01.webm
https://video.r2.moele.me/v/19475/19465058_a-01.mp4,https://v.moele.me/v/19475/19465058_a-01.webm
https://video.r2.moele.me/v/19489/19479610_a-01.mp4,https://v.moele.me/v/19489/19479610_a-01.webm
https://video.r2.moele.me/v/19425/19415857_a-01.mp4,https://v.moele.me/v/19425/19415857_a-01.webm
https://video.r2.moele.me/v/19418/19408783_a-01.mp4,https://v.moele.me/v/19418/19408783_a-01.webm
https://video.r2.moele.me/v/19418/19408131_a-01.mp4,https://v.moele.me/v/19418/19408131_a-01.webm
https://video.r2.moele.me/v/19392/19382978_a-01.mp4,https://v.moele.me/v/19392/19382978_a-01.webm
https://video.r2.moele.me/v/19319/19309523_a-01.mp4,https://v.moele.me/v/19319/19309523_a-01.webm
https://video.r2.moele.me/v/17740/17730732_a-01.mp4,https://v.moele.me/v/17740/17730732_a-01.webm
https://video.r2.moele.me/v/18647/18637185_a-01.mp4,https://v.moele.me/v/18647/18637185_a-01.webm
https://video.r2.moele.me/v/18647/18637298_a-01.mp4,https://v.moele.me/v/18647/18637298_a-01.webm
https://video.r2.moele.me/v/18807/18797506_a-01.mp4,https://v.moele.me/v/18807/18797506_a-01.webm
https://video.r2.moele.me/v/11538/11528213_a-01.mp4,https://v.moele.me/v/11538/11528213_a-01.webm
https://video.r2.moele.me/v/18793/18783683_a-01.mp4,https://v.moele.me/v/18793/18783683_a-01.webm
https://video.r2.moele.me/v/18774/18764525_a-01.mp4,https://v.moele.me/v/18774/18764525_a-01.webm
https://video.r2.moele.me/v/18721/18711437_a-01.mp4,https://v.moele.me/v/18721/18711437_a-01.webm
https://video.r2.moele.me/v/18466/18456988_a-01.mp4,https://v.moele.me/v/18466/18456988_a-01.webm
https://video.r2.moele.me/v/18469/18459085_a-01.mp4,https://v.moele.me/v/18469/18459085_a-01.webm
https://video.r2.moele.me/v/18369/18359222_a-01.mp4,https://v.moele.me/v/18369/18359222_a-01.webm
https://video.r2.moele.me/v/18367/18357016_a-01.mp4,https://v.moele.me/v/18367/18357016_a-01.webm
https://video.r2.moele.me/v/18360/18350735_a-01.mp4,https://v.moele.me/v/18360/18350735_a-01.webm
https://video.r2.moele.me/v/18229/18219048_a-01.mp4,https://v.moele.me/v/18229/18219048_a-01.webm
https://video.r2.moele.me/v/17826/17816202_a-01.mp4,https://v.moele.me/v/17826/17816202_a-01.webm
https://video.r2.moele.me/v/18018/18008911_a-01.mp4,https://v.moele.me/v/18018/18008911_a-01.webm
https://video.r2.moele.me/v/17896/17886050_a-01.mp4,https://v.moele.me/v/17896/17886050_a-01.webm
https://video.r2.moele.me/v/17882/17872888_a-01.mp4,https://v.moele.me/v/17882/17872888_a-01.webm
https://video.r2.moele.me/v/17854/17844049_a-01.mp4,https://v.moele.me/v/17854/17844049_a-01.webm
https://video.r2.moele.me/v/17834/17824408_a-01.mp4,https://v.moele.me/v/17834/17824408_a-01.webm
https://video.r2.moele.me/v/17834/17824419_a-01.mp4,https://v.moele.me/v/17834/17824419_a-01.webm
https://video.r2.moele.me/v/17740/17730449_a-01.mp4,https://v.moele.me/v/17740/17730449_a-01.webm
https://video.r2.moele.me/v/17642/17632435_a-01.mp4,https://v.moele.me/v/17642/17632435_a-01.webm
https://video.r2.moele.me/v/17641/17631428_a-01.mp4,https://v.moele.me/v/17641/17631428_a-01.webm
https://video.r2.moele.me/v/17564/17554977_a-01.mp4,https://v.moele.me/v/17564/17554977_a-01.webm
https://video.r2.moele.me/v/17365/17355704_a-01.mp4,https://v.moele.me/v/17365/17355704_a-01.webm
https://video.r2.moele.me/v/17435/17425190_a-01.mp4,https://v.moele.me/v/17435/17425190_a-01.webm
https://video.r2.moele.me/v/17355/17345122_a-01.mp4,https://v.moele.me/v/17355/17345122_a-01.webm
https://video.r2.moele.me/v/17199/17189515_a-01.mp4,https://v.moele.me/v/17199/17189515_a-01.webm
https://video.r2.moele.me/v/17252/17242893_a-01.mp4,https://v.moele.me/v/17252/17242893_a-01.webm
https://video.r2.moele.me/v/17006/16996627_a-01.mp4,https://v.moele.me/v/17006/16996627_a-01.webm
https://video.r2.moele.me/v/17051/17041975_a-01.mp4,https://v.moele.me/v/17051/17041975_a-01.webm
https://video.r2.moele.me/v/16963/16953698_a-01.mp4,https://v.moele.me/v/16963/16953698_a-01.webm
https://video.r2.moele.me/v/16963/16953195_a-01.mp4,https://v.moele.me/v/16963/16953195_a-01.webm
https://video.r2.moele.me/v/17028/17018426_a-01.mp4,https://v.moele.me/v/17028/17018426_a-01.webm
https://video.r2.moele.me/v/16979/16969165_a-01.mp4,https://v.moele.me/v/16979/16969165_a-01.webm
https://video.r2.moele.me/v/16963/16953271_a-01.mp4,https://v.moele.me/v/16963/16953271_a-01.webm
https://video.r2.moele.me/v/16808/16798334_a-01.mp4,https://v.moele.me/v/16808/16798334_a-01.webm
https://video.r2.moele.me/v/16808/16798252_a-01.mp4,https://v.moele.me/v/16808/16798252_a-01.webm
https://video.r2.moele.me/v/16696/16686130_a-01.mp4,https://v.moele.me/v/16696/16686130_a-01.webm
https://video.r2.moele.me/v/16566/16556189_a-01.mp4,https://v.moele.me/v/16566/16556189_a-01.webm
https://video.r2.moele.me/v/16535/16525859_a-01.mp4,https://v.moele.me/v/16535/16525859_a-01.webm
https://video.r2.moele.me/v/16465/16455082_a-01.mp4,https://v.moele.me/v/16465/16455082_a-01.webm
https://video.r2.moele.me/v/16448/16438955_a-01.mp4,https://v.moele.me/v/16448/16438955_a-01.webm
https://video.r2.moele.me/v/16442/16432670_a-01.mp4,https://v.moele.me/v/16442/16432670_a-01.webm
https://video.r2.moele.me/v/16263/16253548_a-01.mp4,https://v.moele.me/v/16263/16253548_a-01.webm
https://video.r2.moele.me/v/16158/16148881_a-01.mp4,https://v.moele.me/v/16158/16148881_a-01.webm
https://video.r2.moele.me/v/16146/16136958_a-01.mp4,https://v.moele.me/v/16146/16136958_a-01.webm
https://video.r2.moele.me/v/16060/16050896_a-01.mp4,https://v.moele.me/v/16060/16050896_a-01.webm
https://video.r2.moele.me/v/15937/15927594_a-01.mp4,https://v.moele.me/v/15937/15927594_a-01.webm
https://video.r2.moele.me/v/15763/15753826_a-01.mp4,https://v.moele.me/v/15763/15753826_a-01.webm
https://video.r2.moele.me/v/15735/15725092_a-01.mp4,https://v.moele.me/v/15735/15725092_a-01.webm
https://video.r2.moele.me/v/15668/15658501_a-01.mp4,https://v.moele.me/v/15668/15658501_a-01.webm
https://video.r2.moele.me/v/15644/15634289_a-01.mp4,https://v.moele.me/v/15644/15634289_a-01.webm
https://video.r2.moele.me/v/15611/15601743_a-01.mp4,https://v.moele.me/v/15611/15601743_a-01.webm
https://video.r2.moele.me/v/15534/15524819_a-01.mp4,https://v.moele.me/v/15534/15524819_a-01.webm
https://video.r2.moele.me/v/15521/15511901_a-01.mp4,https://v.moele.me/v/15521/15511901_a-01.webm
https://video.r2.moele.me/v/15485/15475033_a-01.mp4,https://v.moele.me/v/15485/15475033_a-01.webm
https://video.r2.moele.me/v/15485/15475061_a-01.mp4,https://v.moele.me/v/15485/15475061_a-01.webm
https://video.r2.moele.me/v/15485/15475081_a-01.mp4,https://v.moele.me/v/15485/15475081_a-01.webm
https://video.r2.moele.me/v/15465/15455291_a-01.mp4,https://v.moele.me/v/15465/15455291_a-01.webm
https://video.r2.moele.me/v/15428/15418863_a-01.mp4,https://v.moele.me/v/15428/15418863_a-01.webm
https://video.r2.moele.me/v/15383/15373350_a-01.mp4,https://v.moele.me/v/15383/15373350_a-01.webm
https://video.r2.moele.me/v/15291/15281006_a-01.mp4,https://v.moele.me/v/15291/15281006_a-01.webm
https://video.r2.moele.me/v/15294/15284109_a-01.mp4,https://v.moele.me/v/15294/15284109_a-01.webm
https://video.r2.moele.me/v/15144/15134203_a-01.mp4,https://v.moele.me/v/15144/15134203_a-01.webm
https://video.r2.moele.me/v/15147/15137195_a-01.mp4,https://v.moele.me/v/15147/15137195_a-01.webm
https://video.r2.moele.me/v/15021/15011637_a-01.mp4,https://v.moele.me/v/15021/15011637_a-01.webm
https://video.r2.moele.me/v/14798/14788295_a-01.mp4,https://v.moele.me/v/14798/14788295_a-01.webm
https://video.r2.moele.me/v/14761/14751936_a-01.mp4,https://v.moele.me/v/14761/14751936_a-01.webm
https://video.r2.moele.me/v/14736/14726539_a-01.mp4,https://v.moele.me/v/14736/14726539_a-01.webm
https://video.r2.moele.me/v/14733/14723009_a-01.mp4,https://v.moele.me/v/14733/14723009_a-01.webm
https://video.r2.moele.me/v/14677/14667915_a-01.mp4,https://v.moele.me/v/14677/14667915_a-01.webm
https://video.r2.moele.me/v/13545/13535820_a-01.mp4,https://v.moele.me/v/13545/13535820_a-01.webm
https://video.r2.moele.me/v/14470/14460891_a-01.mp4,https://v.moele.me/v/14470/14460891_a-01.webm
https://video.r2.moele.me/v/14425/14415703_a-01.mp4,https://v.moele.me/v/14425/14415703_a-01.webm
https://video.r2.moele.me/v/14420/14410630_a-01.mp4,https://v.moele.me/v/14420/14410630_a-01.webm
https://video.r2.moele.me/v/14416/14406181_a-01.mp4,https://v.moele.me/v/14416/14406181_a-01.webm
https://video.r2.moele.me/v/14416/14406962_a-01.mp4,https://v.moele.me/v/14416/14406962_a-01.webm
https://video.r2.moele.me/v/14311/14301263_a-01.mp4,https://v.moele.me/v/14311/14301263_a-01.webm
https://video.r2.moele.me/v/14312/14302370_a-01.mp4,https://v.moele.me/v/14312/14302370_a-01.webm
https://video.r2.moele.me/v/14314/14304172_a-01.mp4,https://v.moele.me/v/14314/14304172_a-01.webm
https://video.r2.moele.me/v/14281/14271832_a-01.mp4,https://v.moele.me/v/14281/14271832_a-01.webm
https://video.r2.moele.me/v/14224/14214887_a-01.mp4,https://v.moele.me/v/14224/14214887_a-01.webm
https://video.r2.moele.me/v/14203/14193858_a-01.mp4,https://v.moele.me/v/14203/14193858_a-01.webm
https://video.r2.moele.me/v/13972/13962753_a-01.mp4,https://v.moele.me/v/13972/13962753_a-01.webm
https://video.r2.moele.me/v/13821/13811897_a-01.mp4,https://v.moele.me/v/13821/13811897_a-01.webm
https://video.r2.moele.me/v/13799/13789265_a-01.mp4,https://v.moele.me/v/13799/13789265_a-01.webm
https://video.r2.moele.me/v/13672/13662210_a-01.mp4,https://v.moele.me/v/13672/13662210_a-01.webm
https://video.r2.moele.me/v/13615/13605704_a-01.mp4,https://v.moele.me/v/13615/13605704_a-01.webm
https://video.r2.moele.me/v/13596/13586685_a-01.mp4,https://v.moele.me/v/13596/13586685_a-01.webm
https://video.r2.moele.me/v/13496/13486085_a-01.mp4,https://v.moele.me/v/13496/13486085_a-01.webm
https://video.r2.moele.me/v/13470/13460290_a-01.mp4,https://v.moele.me/v/13470/13460290_a-01.webm
https://video.r2.moele.me/v/13398/13388094_a-01.mp4,https://v.moele.me/v/13398/13388094_a-01.webm
https://video.r2.moele.me/v/13276/13266607_a-01.mp4,https://v.moele.me/v/13276/13266607_a-01.webm
https://video.r2.moele.me/v/13260/13250750_a-01.mp4,https://v.moele.me/v/13260/13250750_a-01.webm
https://video.r2.moele.me/v/13211/13201333_a-01.mp4,https://v.moele.me/v/13211/13201333_a-01.webm
https://video.r2.moele.me/v/13069/13059611_a-01.mp4,https://v.moele.me/v/13069/13059611_a-01.webm
https://video.r2.moele.me/v/13035/13025187_a-01.mp4,https://v.moele.me/v/13035/13025187_a-01.webm
https://video.r2.moele.me/v/12993/12983210_a-01.mp4,https://v.moele.me/v/12993/12983210_a-01.webm
https://video.r2.moele.me/v/12271/12261048_a-01.mp4,https://v.moele.me/v/12271/12261048_a-01.webm
https://video.r2.moele.me/v/12491/12481730_a-01.mp4,https://v.moele.me/v/12491/12481730_a-01.webm
https://video.r2.moele.me/v/12491/12481731_a-01.mp4,https://v.moele.me/v/12491/12481731_a-01.webm
https://video.r2.moele.me/v/12333/12323667_a-01.mp4,https://v.moele.me/v/12333/12323667_a-01.webm
https://video.r2.moele.me/v/12090/12080215_a-01.mp4,https://v.moele.me/v/12090/12080215_a-01.webm
https://video.r2.moele.me/v/12093/12083285_a-01.mp4,https://v.moele.me/v/12093/12083285_a-01.webm
https://video.r2.moele.me/v/12085/12075588_a-01.mp4,https://v.moele.me/v/12085/12075588_a-01.webm
https://video.r2.moele.me/v/11876/11866851_a-01.mp4,https://v.moele.me/v/11876/11866851_a-01.webm
https://video.r2.moele.me/v/11875/11865170_a-01.mp4,https://v.moele.me/v/11875/11865170_a-01.webm
https://video.r2.moele.me/v/11032/11022754_a-01.mp4,https://v.moele.me/v/11032/11022754_a-01.webm
https://video.r2.moele.me/v/11032/11022757_a-01.mp4,https://v.moele.me/v/11032/11022757_a-01.webm
https://video.r2.moele.me/v/11773/11763908_a-01.mp4,https://v.moele.me/v/11773/11763908_a-01.webm
https://video.r2.moele.me/v/11396/11386387_a-01.mp4,https://v.moele.me/v/11396/11386387_a-01.webm
https://video.r2.moele.me/v/11247/11237925_a-01.mp4,https://v.moele.me/v/11247/11237925_a-01.webm
https://video.r2.moele.me/v/10700/10690379_a-01.mp4,https://v.moele.me/v/10700/10690379_a-01.webm
https://video.r2.moele.me/v/10653/10643375_a-01.mp4,https://v.moele.me/v/10653/10643375_a-01.webm
https://video.r2.moele.me/v/10506/10496373_a-01.mp4,https://v.moele.me/v/10506/10496373_a-01.webm
https://video.r2.moele.me/v/10323/10313562_a-01.mp4,https://v.moele.me/v/10323/10313562_a-01.webm
https://video.r2.moele.me/v/1589/9579238_a-01.mp4,https://v.moele.me/v/1589/9579238_a-01.webm
https://video.r2.moele.me/v/10320/10310356_a-01.mp4,https://v.moele.me/v/10320/10310356_a-01.webm
https://video.r2.moele.me/v/10306/10296988_a-01.mp4,https://v.moele.me/v/10306/10296988_a-01.webm
https://video.r2.moele.me/v/1463/9453093_a-01.mp4,https://v.moele.me/v/1463/9453093_a-01.webm
https://video.r2.moele.me/v/1017/9007982_a-01.mp4,https://v.moele.me/v/1017/9007982_a-01.webm
https://video.r2.moele.me/v/840/8405608_a-01.mp4,https://v.moele.me/v/840/8405608_a-01.webm
https://video.r2.moele.me/v/776/7767557_a-01.mp4,https://v.moele.me/v/776/7767557_a-01.webm
https://video.r2.moele.me/v/232/2318217_a-01.mp4,https://v.moele.me/v/232/2318217_a-01.webm
https://video.r2.moele.me/v/213/2125897_a-01.mp4,https://v.moele.me/v/213/2125897_a-01.webm
https://video.r2.moele.me/v/165/1641971_a-01.mp4,https://v.moele.me/v/165/1641971_a-01.webm
https://video.r2.moele.me/v/22/183731_a-01.mp4,https://v.moele.me/v/22/183731_a-01.webm
https://video.r2.moele.me/v/22/183734_a-01.mp4,https://v.moele.me/v/22/183734_a-01.webm
https://video.r2.moele.me/v/22/183730_a-01.mp4,https://v.moele.me/v/22/183730_a-01.webm
https://video.r2.moele.me/v/29306/29296201_a-01.mp4,https://v.moele.me/v/29306/29296201_a-01.webm
https://video.r2.moele.me/v/29304/29294719_a-01.mp4,https://v.moele.me/v/29304/29294719_a-01.webm
https://video.r2.moele.me/v/29288/29278503_a-01.mp4,https://v.moele.me/v/29288/29278503_a-01.webm
https://video.r2.moele.me/v/29267/29257169_a-01.mp4,https://v.moele.me/v/29267/29257169_a-01.webm
https://video.r2.moele.me/v/29262/29252700_a-01.mp4,https://v.moele.me/v/29262/29252700_a-01.webm
https://video.r2.moele.me/v/29262/29252783_a-01.mp4,https://v.moele.me/v/29262/29252783_a-01.webm
https://video.r2.moele.me/v/29262/29252810_a-01.mp4,https://v.moele.me/v/29262/29252810_a-01.webm
https://video.r2.moele.me/v/29262/29252847_a-01.mp4,https://v.moele.me/v/29262/29252847_a-01.webm
https://video.r2.moele.me/v/29254/29244906_a-01.mp4,https://v.moele.me/v/29254/29244906_a-01.webm
https://video.r2.moele.me/v/29228/29218796_a-01.mp4,https://v.moele.me/v/29228/29218796_a-01.webm
https://video.r2.moele.me/v/29198/29188412_a-01.mp4,https://v.moele.me/v/29198/29188412_a-01.webm
https://video.r2.moele.me/v/29196/29186131_a-01.mp4,https://v.moele.me/v/29196/29186131_a-01.webm
https://video.r2.moele.me/v/29171/29161843_a-01.mp4,https://v.moele.me/v/29171/29161843_a-01.webm
https://video.r2.moele.me/v/29120/29110976_a-01.mp4,https://v.moele.me/v/29120/29110976_a-01.webm
https://video.r2.moele.me/v/29112/29102463_a-01.mp4,https://v.moele.me/v/29112/29102463_a-01.webm
https://video.r2.moele.me/v/29106/29096568_a-01.mp4,https://v.moele.me/v/29106/29096568_a-01.webm
https://video.r2.moele.me/v/29106/29096748_a-01.mp4,https://v.moele.me/v/29106/29096748_a-01.webm
https://video.r2.moele.me/v/29106/29096204_a-01.mp4,https://v.moele.me/v/29106/29096204_a-01.webm
https://video.r2.moele.me/v/29101/29091852_a-01.mp4,https://v.moele.me/v/29101/29091852_a-01.webm
https://video.r2.moele.me/v/28931/28921065_a-01.mp4,https://v.moele.me/v/28931/28921065_a-01.webm
https://video.r2.moele.me/v/29081/29071255_a-01.mp4,https://v.moele.me/v/29081/29071255_a-01.webm
https://video.r2.moele.me/v/29004/28994094_a-01.mp4,https://v.moele.me/v/29004/28994094_a-01.webm
https://video.r2.moele.me/v/28994/28984411_a-01.mp4,https://v.moele.me/v/28994/28984411_a-01.webm
https://video.r2.moele.me/v/28977/28967143_a-01.mp4,https://v.moele.me/v/28977/28967143_a-01.webm
https://video.r2.moele.me/v/28976/28966109_a-01.mp4,https://v.moele.me/v/28976/28966109_a-01.webm
https://video.r2.moele.me/v/28924/28914664_a-01.mp4,https://v.moele.me/v/28924/28914664_a-01.webm
https://video.r2.moele.me/v/28884/28874370_a-01.mp4,https://v.moele.me/v/28884/28874370_a-01.webm
https://video.r2.moele.me/v/28877/28867021_a-01.mp4,https://v.moele.me/v/28877/28867021_a-01.webm
https://video.r2.moele.me/v/28861/28851802_a-01.mp4,https://v.moele.me/v/28861/28851802_a-01.webm
https://video.r2.moele.me/v/28841/28831437_a-01.mp4,https://v.moele.me/v/28841/28831437_a-01.webm
https://video.r2.moele.me/v/28815/28805193_a-01.mp4,https://v.moele.me/v/28815/28805193_a-01.webm
https://video.r2.moele.me/v/28804/28794797_a-01.mp4,https://v.moele.me/v/28804/28794797_a-01.webm
https://video.r2.moele.me/v/28568/28558335_a-01.mp4,https://v.moele.me/v/28568/28558335_a-01.webm
https://video.r2.moele.me/v/28759/28749489_a-01.mp4,https://v.moele.me/v/28759/28749489_a-01.webm
https://video.r2.moele.me/v/28759/28749485_a-01.mp4,https://v.moele.me/v/28759/28749485_a-01.webm
https://video.r2.moele.me/v/28752/28742212_a-01.mp4,https://v.moele.me/v/28752/28742212_a-01.webm
https://video.r2.moele.me/v/28705/28695727_a-01.mp4,https://v.moele.me/v/28705/28695727_a-01.webm
https://video.r2.moele.me/v/28701/28691863_a-01.mp4,https://v.moele.me/v/28701/28691863_a-01.webm
https://video.r2.moele.me/v/28658/28648815_a-01.mp4,https://v.moele.me/v/28658/28648815_a-01.webm
https://video.r2.moele.me/v/28629/28619271_a-01.mp4,https://v.moele.me/v/28629/28619271_a-01.webm
https://video.r2.moele.me/v/28605/28595055_a-01.mp4,https://v.moele.me/v/28605/28595055_a-01.webm
https://video.r2.moele.me/v/28605/28595090_a-01.mp4,https://v.moele.me/v/28605/28595090_a-01.webm
https://video.r2.moele.me/v/28605/28595322_a-01.mp4,https://v.moele.me/v/28605/28595322_a-01.webm
https://video.r2.moele.me/v/28607/28597452_a-01.mp4,https://v.moele.me/v/28607/28597452_a-01.webm
https://video.r2.moele.me/v/28608/28598124_a-01.mp4,https://v.moele.me/v/28608/28598124_a-01.webm
https://video.r2.moele.me/v/28610/28600045_a-01.mp4,https://v.moele.me/v/28610/28600045_a-01.webm
https://video.r2.moele.me/v/28607/28597054_a-01.mp4,https://v.moele.me/v/28607/28597054_a-01.webm
https://video.r2.moele.me/v/28569/28559628_a-01.mp4,https://v.moele.me/v/28569/28559628_a-01.webm
https://video.r2.moele.me/v/28553/28543898_a-01.mp4,https://v.moele.me/v/28553/28543898_a-01.webm
https://video.r2.moele.me/v/28554/28544516_a-01.mp4,https://v.moele.me/v/28554/28544516_a-01.webm
https://video.r2.moele.me/v/28536/28526926_a-01.mp4,https://v.moele.me/v/28536/28526926_a-01.webm
https://video.r2.moele.me/v/28522/28512556_a-01.mp4,https://v.moele.me/v/28522/28512556_a-01.webm
https://video.r2.moele.me/v/28484/28474560_a-01.mp4,https://v.moele.me/v/28484/28474560_a-01.webm
https://video.r2.moele.me/v/28477/28467156_a-01.mp4,https://v.moele.me/v/28477/28467156_a-01.webm
https://video.r2.moele.me/v/28476/28466307_a-01.mp4,https://v.moele.me/v/28476/28466307_a-01.webm
https://video.r2.moele.me/v/28467/28457397_a-01.mp4,https://v.moele.me/v/28467/28457397_a-01.webm
https://video.r2.moele.me/v/27241/27231386_a-01.mp4,https://v.moele.me/v/27241/27231386_a-01.webm
https://video.r2.moele.me/v/28423/28413545_a-01.mp4,https://v.moele.me/v/28423/28413545_a-01.webm
https://video.r2.moele.me/v/28433/28423235_a-01.mp4,https://v.moele.me/v/28433/28423235_a-01.webm
https://video.r2.moele.me/v/28414/28404307_a-01.mp4,https://v.moele.me/v/28414/28404307_a-01.webm
https://video.r2.moele.me/v/28316/28306127_a-01.mp4,https://v.moele.me/v/28316/28306127_a-01.webm
https://video.r2.moele.me/v/28158/28148413_a-01.mp4,https://v.moele.me/v/28158/28148413_a-01.webm
https://video.r2.moele.me/v/28205/28195719_a-01.mp4,https://v.moele.me/v/28205/28195719_a-01.webm
https://video.r2.moele.me/v/28265/28255372_a-01.mp4,https://v.moele.me/v/28265/28255372_a-01.webm
https://video.r2.moele.me/v/28243/28233826_a-01.mp4,https://v.moele.me/v/28243/28233826_a-01.webm
https://video.r2.moele.me/v/28220/28210367_a-01.mp4,https://v.moele.me/v/28220/28210367_a-01.webm
https://video.r2.moele.me/v/28220/28210395_a-01.mp4,https://v.moele.me/v/28220/28210395_a-01.webm
https://video.r2.moele.me/v/27227/27217228_a-01.mp4,https://v.moele.me/v/27227/27217228_a-01.webm
https://video.r2.moele.me/v/28210/28200621_a-01.mp4,https://v.moele.me/v/28210/28200621_a-01.webm
https://video.r2.moele.me/v/28206/28196599_a-01.mp4,https://v.moele.me/v/28206/28196599_a-01.webm
https://video.r2.moele.me/v/28188/28178912_a-01.mp4,https://v.moele.me/v/28188/28178912_a-01.webm
https://video.r2.moele.me/v/28181/28171397_a-01.mp4,https://v.moele.me/v/28181/28171397_a-01.webm
https://video.r2.moele.me/v/28173/28163857_a-01.mp4,https://v.moele.me/v/28173/28163857_a-01.webm
https://video.r2.moele.me/v/28166/28156456_a-01.mp4,https://v.moele.me/v/28166/28156456_a-01.webm
https://video.r2.moele.me/v/27996/27986779_a-01.mp4,https://v.moele.me/v/27996/27986779_a-01.webm
https://video.r2.moele.me/v/28137/28127394_a-01.mp4,https://v.moele.me/v/28137/28127394_a-01.webm
https://video.r2.moele.me/v/28137/28127369_a-01.mp4,https://v.moele.me/v/28137/28127369_a-01.webm
https://video.r2.moele.me/v/27806/27796894_a-01.mp4,https://v.moele.me/v/27806/27796894_a-01.webm
https://video.r2.moele.me/v/28112/28102009_a-01.mp4,https://v.moele.me/v/28112/28102009_a-01.webm
https://video.r2.moele.me/v/28110/28100532_a-01.mp4,https://v.moele.me/v/28110/28100532_a-01.webm
https://video.r2.moele.me/v/28104/28094639_a-01.mp4,https://v.moele.me/v/28104/28094639_a-01.webm
https://video.r2.moele.me/v/28096/28086164_a-01.mp4,https://v.moele.me/v/28096/28086164_a-01.webm
https://video.r2.moele.me/v/28075/28065362_a-01.mp4,https://v.moele.me/v/28075/28065362_a-01.webm
https://video.r2.moele.me/v/28055/28045685_a-01.mp4,https://v.moele.me/v/28055/28045685_a-01.webm
https://video.r2.moele.me/v/28052/28042658_a-01.mp4,https://v.moele.me/v/28052/28042658_a-01.webm
https://video.r2.moele.me/v/28049/28039977_a-01.mp4,https://v.moele.me/v/28049/28039977_a-01.webm
https://video.r2.moele.me/v/28032/28022850_a-01.mp4,https://v.moele.me/v/28032/28022850_a-01.webm
https://video.r2.moele.me/v/28032/28022879_a-01.mp4,https://v.moele.me/v/28032/28022879_a-01.webm
https://video.r2.moele.me/v/28016/28006035_a-01.mp4,https://v.moele.me/v/28016/28006035_a-01.webm
https://video.r2.moele.me/v/28000/27990307_a-01.mp4,https://v.moele.me/v/28000/27990307_a-01.webm
https://video.r2.moele.me/v/27983/27973582_a-01.mp4,https://v.moele.me/v/27983/27973582_a-01.webm
https://video.r2.moele.me/v/27953/27943428_a-01.mp4,https://v.moele.me/v/27953/27943428_a-01.webm
https://video.r2.moele.me/v/27938/27928292_a-01.mp4,https://v.moele.me/v/27938/27928292_a-01.webm
https://video.r2.moele.me/v/27817/27807089_a-01.mp4,https://v.moele.me/v/27817/27807089_a-01.webm
https://video.r2.moele.me/v/27814/27804596_a-01.mp4,https://v.moele.me/v/27814/27804596_a-01.webm
https://video.r2.moele.me/v/27563/27553501_a-01.mp4,https://v.moele.me/v/27563/27553501_a-01.webm
https://video.r2.moele.me/v/27730/27720301_a-01.mp4,https://v.moele.me/v/27730/27720301_a-01.webm
https://video.r2.moele.me/v/27736/27726654_a-01.mp4,https://v.moele.me/v/27736/27726654_a-01.webm
https://video.r2.moele.me/v/27703/27693804_a-01.mp4,https://v.moele.me/v/27703/27693804_a-01.webm
https://video.r2.moele.me/v/27624/27614866_a-01.mp4,https://v.moele.me/v/27624/27614866_a-01.webm
https://video.r2.moele.me/v/27555/27545471_a-01.mp4,https://v.moele.me/v/27555/27545471_a-01.webm
https://video.r2.moele.me/v/27487/27477755_a-01.mp4,https://v.moele.me/v/27487/27477755_a-01.webm
https://video.r2.moele.me/v/27309/27299538_a-01.mp4,https://v.moele.me/v/27309/27299538_a-01.webm
https://video.r2.moele.me/v/27048/27038920_a-01.mp4,https://v.moele.me/v/27048/27038920_a-01.webm
https://video.r2.moele.me/v/27063/27053643_a-01.mp4,https://v.moele.me/v/27063/27053643_a-01.webm
https://video.r2.moele.me/v/27051/27041476_a-01.mp4,https://v.moele.me/v/27051/27041476_a-01.webm
https://video.r2.moele.me/v/27122/27112243_a-01.mp4,https://v.moele.me/v/27122/27112243_a-01.webm
https://video.r2.moele.me/v/27106/27096943_a-01.mp4,https://v.moele.me/v/27106/27096943_a-01.webm
https://video.r2.moele.me/v/27106/27096947_a-01.mp4,https://v.moele.me/v/27106/27096947_a-01.webm
https://video.r2.moele.me/v/27048/27038683_a-01.mp4,https://v.moele.me/v/27048/27038683_a-01.webm
https://video.r2.moele.me/v/27036/27026787_a-01.mp4,https://v.moele.me/v/27036/27026787_a-01.webm
https://video.r2.moele.me/v/26882/26872924_a-01.mp4,https://v.moele.me/v/26882/26872924_a-01.webm
https://video.r2.moele.me/v/26874/26864868_a-01.mp4,https://v.moele.me/v/26874/26864868_a-01.webm
https://video.r2.moele.me/v/26798/26788223_a-01.mp4,https://v.moele.me/v/26798/26788223_a-01.webm
https://video.r2.moele.me/v/26714/26704930_a-01.mp4,https://v.moele.me/v/26714/26704930_a-01.webm
https://video.r2.moele.me/v/26621/26611228_a-01.mp4,https://v.moele.me/v/26621/26611228_a-01.webm
https://video.r2.moele.me/v/26545/26535148_a-01.mp4,https://v.moele.me/v/26545/26535148_a-01.webm
https://video.r2.moele.me/v/26534/26524238_a-01.mp4,https://v.moele.me/v/26534/26524238_a-01.webm
https://video.r2.moele.me/v/26495/26485038_a-01.mp4,https://v.moele.me/v/26495/26485038_a-01.webm
https://video.r2.moele.me/v/26449/26439528_a-01.mp4,https://v.moele.me/v/26449/26439528_a-01.webm
https://video.r2.moele.me/v/26330/26320328_a-01.mp4,https://v.moele.me/v/26330/26320328_a-01.webm
https://video.r2.moele.me/v/26249/26239915_a-01.mp4,https://v.moele.me/v/26249/26239915_a-01.webm
https://video.r2.moele.me/v/26232/26222864_a-01.mp4,https://v.moele.me/v/26232/26222864_a-01.webm
https://video.r2.moele.me/v/26222/26212065_a-01.mp4,https://v.moele.me/v/26222/26212065_a-01.webm
https://video.r2.moele.me/v/26021/26011532_a-01.mp4,https://v.moele.me/v/26021/26011532_a-01.webm
https://video.r2.moele.me/v/26061/26051570_a-01.mp4,https://v.moele.me/v/26061/26051570_a-01.webm
https://video.r2.moele.me/v/26032/26022658_a-01.mp4,https://v.moele.me/v/26032/26022658_a-01.webm
https://video.r2.moele.me/v/26018/26008757_a-01.mp4,https://v.moele.me/v/26018/26008757_a-01.webm
https://video.r2.moele.me/v/25992/25982693_a-01.mp4,https://v.moele.me/v/25992/25982693_a-01.webm
https://video.r2.moele.me/v/25861/25851796_a-01.mp4,https://v.moele.me/v/25861/25851796_a-01.webm
https://video.r2.moele.me/v/25775/25765839_a-01.mp4,https://v.moele.me/v/25775/25765839_a-01.webm
https://video.r2.moele.me/v/25729/25719239_a-01.mp4,https://v.moele.me/v/25729/25719239_a-01.webm
https://video.r2.moele.me/v/25716/25706182_a-01.mp4,https://v.moele.me/v/25716/25706182_a-01.webm
https://video.r2.moele.me/v/25510/25500750_a-01.mp4,https://v.moele.me/v/25510/25500750_a-01.webm
https://video.r2.moele.me/v/25500/25490008_a-01.mp4,https://v.moele.me/v/25500/25490008_a-01.webm
https://video.r2.moele.me/v/25485/25475443_a-01.mp4,https://v.moele.me/v/25485/25475443_a-01.webm
https://video.r2.moele.me/v/25411/25401504_a-01.mp4,https://v.moele.me/v/25411/25401504_a-01.webm
https://video.r2.moele.me/v/25059/25049909_a-01.mp4,https://v.moele.me/v/25059/25049909_a-01.webm
https://video.r2.moele.me/v/25045/25035549_a-01.mp4,https://v.moele.me/v/25045/25035549_a-01.webm
https://video.r2.moele.me/v/24929/24919032_a-01.mp4,https://v.moele.me/v/24929/24919032_a-01.webm
https://video.r2.moele.me/v/24916/24906821_a-01.mp4,https://v.moele.me/v/24916/24906821_a-01.webm
https://video.r2.moele.me/v/24875/24865159_a-01.mp4,https://v.moele.me/v/24875/24865159_a-01.webm
https://video.r2.moele.me/v/24828/24818166_a-01.mp4,https://v.moele.me/v/24828/24818166_a-01.webm
https://video.r2.moele.me/v/24808/24798087_a-01.mp4,https://v.moele.me/v/24808/24798087_a-01.webm
https://video.r2.moele.me/v/24806/24796004_a-01.mp4,https://v.moele.me/v/24806/24796004_a-01.webm
https://video.r2.moele.me/v/24662/24652400_a-01.mp4,https://v.moele.me/v/24662/24652400_a-01.webm
https://video.r2.moele.me/v/24310/24300495_a-01.mp4,https://v.moele.me/v/24310/24300495_a-01.webm
https://video.r2.moele.me/v/24306/24296839_a-01.mp4,https://v.moele.me/v/24306/24296839_a-01.webm
https://video.r2.moele.me/v/24271/24261374_a-01.mp4,https://v.moele.me/v/24271/24261374_a-01.webm
https://video.r2.moele.me/v/24251/24241684_a-01.mp4,https://v.moele.me/v/24251/24241684_a-01.webm
https://video.r2.moele.me/v/24222/24212997_a-01.mp4,https://v.moele.me/v/24222/24212997_a-01.webm
https://video.r2.moele.me/v/24130/24120385_a-01.mp4,https://v.moele.me/v/24130/24120385_a-01.webm
https://video.r2.moele.me/v/24178/24168108_a-01.mp4,https://v.moele.me/v/24178/24168108_a-01.webm
https://video.r2.moele.me/v/24149/24139536_a-01.mp4,https://v.moele.me/v/24149/24139536_a-01.webm
https://video.r2.moele.me/v/23939/23929062_a-01.mp4,https://v.moele.me/v/23939/23929062_a-01.webm
https://video.r2.moele.me/v/23905/23895133_a-01.mp4,https://v.moele.me/v/23905/23895133_a-01.webm
https://video.r2.moele.me/v/23836/23826026_a-01.mp4,https://v.moele.me/v/23836/23826026_a-01.webm
https://video.r2.moele.me/v/23807/23797606_a-01.mp4,https://v.moele.me/v/23807/23797606_a-01.webm
https://video.r2.moele.me/v/23759/23749328_a-01.mp4,https://v.moele.me/v/23759/23749328_a-01.webm
https://video.r2.moele.me/v/23609/23599477_a-01.mp4,https://v.moele.me/v/23609/23599477_a-01.webm
https://video.r2.moele.me/v/23586/23576333_a-01.mp4,https://v.moele.me/v/23586/23576333_a-01.webm
https://video.r2.moele.me/v/23491/23481951_a-01.mp4,https://v.moele.me/v/23491/23481951_a-01.webm
https://video.r2.moele.me/v/23467/23457944_a-01.mp4,https://v.moele.me/v/23467/23457944_a-01.webm
https://video.r2.moele.me/v/23381/23371625_a-01.mp4,https://v.moele.me/v/23381/23371625_a-01.webm
https://video.r2.moele.me/v/23360/23350322_a-01.mp4,https://v.moele.me/v/23360/23350322_a-01.webm
https://video.r2.moele.me/v/23239/23229961_a-01.mp4,https://v.moele.me/v/23239/23229961_a-01.webm
https://video.r2.moele.me/v/23215/23205128_a-01.mp4,https://v.moele.me/v/23215/23205128_a-01.webm
https://video.r2.moele.me/v/22819/22809346_a-01.mp4,https://v.moele.me/v/22819/22809346_a-01.webm
https://video.r2.moele.me/v/23049/23039680_a-01.mp4,https://v.moele.me/v/23049/23039680_a-01.webm
https://video.r2.moele.me/v/22904/22894074_a-01.mp4,https://v.moele.me/v/22904/22894074_a-01.webm
https://video.r2.moele.me/v/22821/22811821_a-01.mp4,https://v.moele.me/v/22821/22811821_a-01.webm
https://video.r2.moele.me/v/22753/22743575_a-01.mp4,https://v.moele.me/v/22753/22743575_a-01.webm
https://video.r2.moele.me/v/22631/22621064_a-01.mp4,https://v.moele.me/v/22631/22621064_a-01.webm
https://video.r2.moele.me/v/22566/22556298_a-01.mp4,https://v.moele.me/v/22566/22556298_a-01.webm
https://video.r2.moele.me/v/22528/22518192_a-01.mp4,https://v.moele.me/v/22528/22518192_a-01.webm
https://video.r2.moele.me/v/22501/22491873_a-01.mp4,https://v.moele.me/v/22501/22491873_a-01.webm
https://video.r2.moele.me/v/22375/22365647_a-01.mp4,https://v.moele.me/v/22375/22365647_a-01.webm
https://video.r2.moele.me/v/22259/22249590_a-01.mp4,https://v.moele.me/v/22259/22249590_a-01.webm
https://video.r2.moele.me/v/22205/22195935_a-01.mp4,https://v.moele.me/v/22205/22195935_a-01.webm
https://video.r2.moele.me/v/22171/22161158_a-01.mp4,https://v.moele.me/v/22171/22161158_a-01.webm
https://video.r2.moele.me/v/22105/22095320_a-01.mp4,https://v.moele.me/v/22105/22095320_a-01.webm
https://video.r2.moele.me/v/22098/22088101_a-01.mp4,https://v.moele.me/v/22098/22088101_a-01.webm
https://video.r2.moele.me/v/21997/21987274_a-01.mp4,https://v.moele.me/v/21997/21987274_a-01.webm
https://video.r2.moele.me/v/21962/21952745_a-01.mp4,https://v.moele.me/v/21962/21952745_a-01.webm
https://video.r2.moele.me/v/21724/21714484_a-01.mp4,https://v.moele.me/v/21724/21714484_a-01.webm
https://video.r2.moele.me/v/21488/21478743_a-01.mp4,https://v.moele.me/v/21488/21478743_a-01.webm
https://video.r2.moele.me/v/20782/20772827_a-01.mp4,https://v.moele.me/v/20782/20772827_a-01.webm
https://video.r2.moele.me/v/21244/21234500_a-01.mp4,https://v.moele.me/v/21244/21234500_a-01.webm
https://video.r2.moele.me/v/21185/21175705_a-01.mp4,https://v.moele.me/v/21185/21175705_a-01.webm
https://video.r2.moele.me/v/21085/21075954_a-01.mp4,https://v.moele.me/v/21085/21075954_a-01.webm
https://video.r2.moele.me/v/21123/21113195_a-01.mp4,https://v.moele.me/v/21123/21113195_a-01.webm
https://video.r2.moele.me/v/21122/21112725_a-01.mp4,https://v.moele.me/v/21122/21112725_a-01.webm
https://video.r2.moele.me/v/21133/21123784_a-01.mp4,https://v.moele.me/v/21133/21123784_a-01.webm
https://video.r2.moele.me/v/21106/21096822_a-01.mp4,https://v.moele.me/v/21106/21096822_a-01.webm
https://video.r2.moele.me/v/21075/21065925_a-01.mp4,https://v.moele.me/v/21075/21065925_a-01.webm
https://video.r2.moele.me/v/21062/21052063_a-01.mp4,https://v.moele.me/v/21062/21052063_a-01.webm
https://video.r2.moele.me/v/21035/21025465_a-01.mp4,https://v.moele.me/v/21035/21025465_a-01.webm
https://video.r2.moele.me/v/21034/21024624_a-01.mp4,https://v.moele.me/v/21034/21024624_a-01.webm
https://video.r2.moele.me/v/20960/20950903_a-01.mp4,https://v.moele.me/v/20960/20950903_a-01.webm
https://video.r2.moele.me/v/20797/20787758_a-01.mp4,https://v.moele.me/v/20797/20787758_a-01.webm
https://video.r2.moele.me/v/20754/20744208_a-01.mp4,https://v.moele.me/v/20754/20744208_a-01.webm
https://video.r2.moele.me/v/20754/20744176_a-01.mp4,https://v.moele.me/v/20754/20744176_a-01.webm
https://video.r2.moele.me/v/20626/20616196_a-01.mp4,https://v.moele.me/v/20626/20616196_a-01.webm
https://video.r2.moele.me/v/20616/20606834_a-01.mp4,https://v.moele.me/v/20616/20606834_a-01.webm
https://video.r2.moele.me/v/20562/20552862_a-01.mp4,https://v.moele.me/v/20562/20552862_a-01.webm
https://video.r2.moele.me/v/20483/20473072_a-01.mp4,https://v.moele.me/v/20483/20473072_a-01.webm
https://video.r2.moele.me/v/20489/20479206_a-01.mp4,https://v.moele.me/v/20489/20479206_a-01.webm
https://video.r2.moele.me/v/20325/20315289_a-01.mp4,https://v.moele.me/v/20325/20315289_a-01.webm
https://video.r2.moele.me/v/20415/20405104_a-01.mp4,https://v.moele.me/v/20415/20405104_a-01.webm
https://video.r2.moele.me/v/20232/20222475_a-01.mp4,https://v.moele.me/v/20232/20222475_a-01.webm
https://video.r2.moele.me/v/20198/20188702_a-01.mp4,https://v.moele.me/v/20198/20188702_a-01.webm
https://video.r2.moele.me/v/20178/20168078_a-01.mp4,https://v.moele.me/v/20178/20168078_a-01.webm
https://video.r2.moele.me/v/20123/20113317_a-01.mp4,https://v.moele.me/v/20123/20113317_a-01.webm
https://video.r2.moele.me/v/19998/19988745_a-01.mp4,https://v.moele.me/v/19998/19988745_a-01.webm
https://video.r2.moele.me/v/19975/19965011_a-01.mp4,https://v.moele.me/v/19975/19965011_a-01.webm
https://video.r2.moele.me/v/19946/19936501_a-01.mp4,https://v.moele.me/v/19946/19936501_a-01.webm
https://video.r2.moele.me/v/19933/19923515_a-01.mp4,https://v.moele.me/v/19933/19923515_a-01.webm
https://video.r2.moele.me/v/19856/19846377_a-01.mp4,https://v.moele.me/v/19856/19846377_a-01.webm
https://video.r2.moele.me/v/19762/19752378_a-01.mp4,https://v.moele.me/v/19762/19752378_a-01.webm
https://video.r2.moele.me/v/19712/19702358_a-01.mp4,https://v.moele.me/v/19712/19702358_a-01.webm
https://video.r2.moele.me/v/19656/19646177_a-01.mp4,https://v.moele.me/v/19656/19646177_a-01.webm
https://video.r2.moele.me/v/19593/19583687_a-01.mp4,https://v.moele.me/v/19593/19583687_a-01.webm
https://video.r2.moele.me/v/19578/19568668_a-01.mp4,https://v.moele.me/v/19578/19568668_a-01.webm
https://video.r2.moele.me/v/19587/19577779_a-01.mp4,https://v.moele.me/v/19587/19577779_a-01.webm
https://video.r2.moele.me/v/19446/19436620_a-01.mp4,https://v.moele.me/v/19446/19436620_a-01.webm
https://video.r2.moele.me/v/19433/19423476_a-01.mp4,https://v.moele.me/v/19433/19423476_a-01.webm
https://video.r2.moele.me/v/19425/19415074_a-01.mp4,https://v.moele.me/v/19425/19415074_a-01.webm
https://video.r2.moele.me/v/19425/19415046_a-01.mp4,https://v.moele.me/v/19425/19415046_a-01.webm
https://video.r2.moele.me/v/19421/19411070_a-01.mp4,https://v.moele.me/v/19421/19411070_a-01.webm
https://video.r2.moele.me/v/19419/19409666_a-01.mp4,https://v.moele.me/v/19419/19409666_a-01.webm
https://video.r2.moele.me/v/19369/19359324_a-01.mp4,https://v.moele.me/v/19369/19359324_a-01.webm
https://video.r2.moele.me/v/19271/19261147_a-01.mp4,https://v.moele.me/v/19271/19261147_a-01.webm
https://video.r2.moele.me/v/19267/19257870_a-01.mp4,https://v.moele.me/v/19267/19257870_a-01.webm
https://video.r2.moele.me/v/19076/19066943_a-01.mp4,https://v.moele.me/v/19076/19066943_a-01.webm
https://video.r2.moele.me/v/19077/19067002_a-01.mp4,https://v.moele.me/v/19077/19067002_a-01.webm
https://video.r2.moele.me/v/19033/19023442_a-01.mp4,https://v.moele.me/v/19033/19023442_a-01.webm
https://video.r2.moele.me/v/19006/18996551_a-01.mp4,https://v.moele.me/v/19006/18996551_a-01.webm
https://video.r2.moele.me/v/18995/18985173_a-01.mp4,https://v.moele.me/v/18995/18985173_a-01.webm
https://video.r2.moele.me/v/18881/18871820_a-01.mp4,https://v.moele.me/v/18881/18871820_a-01.webm
https://video.r2.moele.me/v/18870/18860501_a-01.mp4,https://v.moele.me/v/18870/18860501_a-01.webm
https://video.r2.moele.me/v/18854/18844760_a-01.mp4,https://v.moele.me/v/18854/18844760_a-01.webm
https://video.r2.moele.me/v/18771/18761890_a-01.mp4,https://v.moele.me/v/18771/18761890_a-01.webm
https://video.r2.moele.me/v/18721/18711434_a-01.mp4,https://v.moele.me/v/18721/18711434_a-01.webm
https://video.r2.moele.me/v/18684/18674393_a-01.mp4,https://v.moele.me/v/18684/18674393_a-01.webm
https://video.r2.moele.me/v/18573/18563182_a-01.mp4,https://v.moele.me/v/18573/18563182_a-01.webm
https://video.r2.moele.me/v/18560/18550681_a-01.mp4,https://v.moele.me/v/18560/18550681_a-01.webm
https://video.r2.moele.me/v/18552/18542024_a-01.mp4,https://v.moele.me/v/18552/18542024_a-01.webm
https://video.r2.moele.me/v/18191/18181914_a-01.mp4,https://v.moele.me/v/18191/18181914_a-01.webm
https://video.r2.moele.me/v/18180/18170523_a-01.mp4,https://v.moele.me/v/18180/18170523_a-01.webm
https://video.r2.moele.me/v/18175/18165214_a-01.mp4,https://v.moele.me/v/18175/18165214_a-01.webm
https://video.r2.moele.me/v/18069/18059725_a-01.mp4,https://v.moele.me/v/18069/18059725_a-01.webm
https://video.r2.moele.me/v/18064/18054691_a-01.mp4,https://v.moele.me/v/18064/18054691_a-01.webm
https://video.r2.moele.me/v/18038/18028905_a-01.mp4,https://v.moele.me/v/18038/18028905_a-01.webm
https://video.r2.moele.me/v/17899/17889731_a-01.mp4,https://v.moele.me/v/17899/17889731_a-01.webm
https://video.r2.moele.me/v/17811/17801749_a-01.mp4,https://v.moele.me/v/17811/17801749_a-01.webm
https://video.r2.moele.me/v/17708/17698897_a-01.mp4,https://v.moele.me/v/17708/17698897_a-01.webm
https://video.r2.moele.me/v/17670/17660530_a-01.mp4,https://v.moele.me/v/17670/17660530_a-01.webm
https://video.r2.moele.me/v/17523/17513684_a-01.mp4,https://v.moele.me/v/17523/17513684_a-01.webm
https://video.r2.moele.me/v/17428/17418596_a-01.mp4,https://v.moele.me/v/17428/17418596_a-01.webm
https://video.r2.moele.me/v/17402/17392693_a-01.mp4,https://v.moele.me/v/17402/17392693_a-01.webm
https://video.r2.moele.me/v/17355/17345059_a-01.mp4,https://v.moele.me/v/17355/17345059_a-01.webm
https://video.r2.moele.me/v/17355/17345130_a-01.mp4,https://v.moele.me/v/17355/17345130_a-01.webm
https://video.r2.moele.me/v/17315/17305634_a-01.mp4,https://v.moele.me/v/17315/17305634_a-01.webm
https://video.r2.moele.me/v/17201/17191489_a-01.mp4,https://v.moele.me/v/17201/17191489_a-01.webm
https://video.r2.moele.me/v/17141/17131733_a-01.mp4,https://v.moele.me/v/17141/17131733_a-01.webm
https://video.r2.moele.me/v/16947/16937818_a-01.mp4,https://v.moele.me/v/16947/16937818_a-01.webm
https://video.r2.moele.me/v/16889/16879468_a-01.mp4,https://v.moele.me/v/16889/16879468_a-01.webm
https://video.r2.moele.me/v/16887/16877198_a-01.mp4,https://v.moele.me/v/16887/16877198_a-01.webm
https://video.r2.moele.me/v/16886/16876235_a-01.mp4,https://v.moele.me/v/16886/16876235_a-01.webm
https://video.r2.moele.me/v/16670/16660239_a-01.mp4,https://v.moele.me/v/16670/16660239_a-01.webm
https://video.r2.moele.me/v/16671/16661540_a-01.mp4,https://v.moele.me/v/16671/16661540_a-01.webm
https://video.r2.moele.me/v/16658/16648576_a-01.mp4,https://v.moele.me/v/16658/16648576_a-01.webm
https://video.r2.moele.me/v/16643/16633870_a-01.mp4,https://v.moele.me/v/16643/16633870_a-01.webm
https://video.r2.moele.me/v/16643/16633937_a-01.mp4,https://v.moele.me/v/16643/16633937_a-01.webm
https://video.r2.moele.me/v/16632/16622098_a-01.mp4,https://v.moele.me/v/16632/16622098_a-01.webm
https://video.r2.moele.me/v/16534/16524502_a-01.mp4,https://v.moele.me/v/16534/16524502_a-01.webm
https://video.r2.moele.me/v/16407/16397376_a-01.mp4,https://v.moele.me/v/16407/16397376_a-01.webm
https://video.r2.moele.me/v/16157/16147279_a-01.mp4,https://v.moele.me/v/16157/16147279_a-01.webm
https://video.r2.moele.me/v/16127/16117433_a-01.mp4,https://v.moele.me/v/16127/16117433_a-01.webm
https://video.r2.moele.me/v/16127/16117983_a-01.mp4,https://v.moele.me/v/16127/16117983_a-01.webm
https://video.r2.moele.me/v/16041/16031766_a-01.mp4,https://v.moele.me/v/16041/16031766_a-01.webm
https://video.r2.moele.me/v/15945/15935309_a-01.mp4,https://v.moele.me/v/15945/15935309_a-01.webm
https://video.r2.moele.me/v/15901/15891958_a-01.mp4,https://v.moele.me/v/15901/15891958_a-01.webm
https://video.r2.moele.me/v/15738/15728298_a-01.mp4,https://v.moele.me/v/15738/15728298_a-01.webm
https://video.r2.moele.me/v/15707/15697289_a-01.mp4,https://v.moele.me/v/15707/15697289_a-01.webm
https://video.r2.moele.me/v/15614/15604436_a-01.mp4,https://v.moele.me/v/15614/15604436_a-01.webm
https://video.r2.moele.me/v/15602/15592757_a-01.mp4,https://v.moele.me/v/15602/15592757_a-01.webm
https://video.r2.moele.me/v/15390/15380494_a-01.mp4,https://v.moele.me/v/15390/15380494_a-01.webm
https://video.r2.moele.me/v/15396/15386587_a-01.mp4,https://v.moele.me/v/15396/15386587_a-01.webm
https://video.r2.moele.me/v/15304/15294713_a-01.mp4,https://v.moele.me/v/15304/15294713_a-01.webm
https://video.r2.moele.me/v/15286/15276546_a-01.mp4,https://v.moele.me/v/15286/15276546_a-01.webm
https://video.r2.moele.me/v/15265/15255351_a-01.mp4,https://v.moele.me/v/15265/15255351_a-01.webm
https://video.r2.moele.me/v/15212/15202414_a-01.mp4,https://v.moele.me/v/15212/15202414_a-01.webm
https://video.r2.moele.me/v/15162/15152899_a-01.mp4,https://v.moele.me/v/15162/15152899_a-01.webm
https://video.r2.moele.me/v/15058/15048566_a-01.mp4,https://v.moele.me/v/15058/15048566_a-01.webm
https://video.r2.moele.me/v/14991/14981326_a-01.mp4,https://v.moele.me/v/14991/14981326_a-01.webm
https://video.r2.moele.me/v/14873/14863874_a-01.mp4,https://v.moele.me/v/14873/14863874_a-01.webm
https://video.r2.moele.me/v/14599/14589445_a-01.mp4,https://v.moele.me/v/14599/14589445_a-01.webm
https://video.r2.moele.me/v/14715/14705357_a-01.mp4,https://v.moele.me/v/14715/14705357_a-01.webm
https://video.r2.moele.me/v/14470/14460946_a-01.mp4,https://v.moele.me/v/14470/14460946_a-01.webm
https://video.r2.moele.me/v/14286/14276197_a-01.mp4,https://v.moele.me/v/14286/14276197_a-01.webm
https://video.r2.moele.me/v/14263/14253323_a-01.mp4,https://v.moele.me/v/14263/14253323_a-01.webm
https://video.r2.moele.me/v/14255/14245397_a-01.mp4,https://v.moele.me/v/14255/14245397_a-01.webm
https://video.r2.moele.me/v/13966/13956729_a-01.mp4,https://v.moele.me/v/13966/13956729_a-01.webm
https://video.r2.moele.me/v/13976/13966153_a-01.mp4,https://v.moele.me/v/13976/13966153_a-01.webm
https://video.r2.moele.me/v/14022/14012262_a-01.mp4,https://v.moele.me/v/14022/14012262_a-01.webm
https://video.r2.moele.me/v/13688/13678860_a-01.mp4,https://v.moele.me/v/13688/13678860_a-01.webm
https://video.r2.moele.me/v/13702/13692885_a-01.mp4,https://v.moele.me/v/13702/13692885_a-01.webm
https://video.r2.moele.me/v/13687/13677867_a-01.mp4,https://v.moele.me/v/13687/13677867_a-01.webm
https://video.r2.moele.me/v/13357/13347183_a-01.mp4,https://v.moele.me/v/13357/13347183_a-01.webm
https://video.r2.moele.me/v/13597/13587215_a-01.mp4,https://v.moele.me/v/13597/13587215_a-01.webm
https://video.r2.moele.me/v/13387/13377353_a-01.mp4,https://v.moele.me/v/13387/13377353_a-01.webm
https://video.r2.moele.me/v/13347/13337362_a-01.mp4,https://v.moele.me/v/13347/13337362_a-01.webm
https://video.r2.moele.me/v/13299/13289977_a-01.mp4,https://v.moele.me/v/13299/13289977_a-01.webm
https://video.r2.moele.me/v/13276/13266566_a-01.mp4,https://v.moele.me/v/13276/13266566_a-01.webm
https://video.r2.moele.me/v/13242/13232153_a-01.mp4,https://v.moele.me/v/13242/13232153_a-01.webm
https://video.r2.moele.me/v/13128/13118907_a-01.mp4,https://v.moele.me/v/13128/13118907_a-01.webm
https://video.r2.moele.me/v/13137/13127410_a-01.mp4,https://v.moele.me/v/13137/13127410_a-01.webm
https://video.r2.moele.me/v/13150/13140516_a-01.mp4,https://v.moele.me/v/13150/13140516_a-01.webm
https://video.r2.moele.me/v/13137/13127698_a-01.mp4,https://v.moele.me/v/13137/13127698_a-01.webm
https://video.r2.moele.me/v/13070/13060386_a-01.mp4,https://v.moele.me/v/13070/13060386_a-01.webm
https://video.r2.moele.me/v/13055/13045203_a-01.mp4,https://v.moele.me/v/13055/13045203_a-01.webm
https://video.r2.moele.me/v/13009/12999171_a-01.mp4,https://v.moele.me/v/13009/12999171_a-01.webm
https://video.r2.moele.me/v/12950/12940609_a-01.mp4,https://v.moele.me/v/12950/12940609_a-01.webm
https://video.r2.moele.me/v/12935/12925796_a-01.mp4,https://v.moele.me/v/12935/12925796_a-01.webm
https://video.r2.moele.me/v/12485/12475495_a-01.mp4,https://v.moele.me/v/12485/12475495_a-01.webm
https://video.r2.moele.me/v/12433/12423314_a-01.mp4,https://v.moele.me/v/12433/12423314_a-01.webm
https://video.r2.moele.me/v/12401/12391371_a-01.mp4,https://v.moele.me/v/12401/12391371_a-01.webm
https://video.r2.moele.me/v/12235/12225846_a-01.mp4,https://v.moele.me/v/12235/12225846_a-01.webm
https://video.r2.moele.me/v/12262/12252978_a-01.mp4,https://v.moele.me/v/12262/12252978_a-01.webm
https://video.r2.moele.me/v/12111/12101715_a-01.mp4,https://v.moele.me/v/12111/12101715_a-01.webm
https://video.r2.moele.me/v/12106/12096265_a-01.mp4,https://v.moele.me/v/12106/12096265_a-01.webm
https://video.r2.moele.me/v/12085/12075560_a-01.mp4,https://v.moele.me/v/12085/12075560_a-01.webm
https://video.r2.moele.me/v/11877/11867402_a-01.mp4,https://v.moele.me/v/11877/11867402_a-01.webm
https://video.r2.moele.me/v/11874/11864244_a-01.mp4,https://v.moele.me/v/11874/11864244_a-01.webm
https://video.r2.moele.me/v/11858/11848163_a-01.mp4,https://v.moele.me/v/11858/11848163_a-01.webm
https://video.r2.moele.me/v/11746/11736296_a-01.mp4,https://v.moele.me/v/11746/11736296_a-01.webm
https://video.r2.moele.me/v/11397/11387304_a-01.mp4,https://v.moele.me/v/11397/11387304_a-01.webm
https://video.r2.moele.me/v/11748/11738113_a-01.mp4,https://v.moele.me/v/11748/11738113_a-01.webm
https://video.r2.moele.me/v/11715/11705661_a-01.mp4,https://v.moele.me/v/11715/11705661_a-01.webm
https://video.r2.moele.me/v/11677/11667866_a-01.mp4,https://v.moele.me/v/11677/11667866_a-01.webm
https://video.r2.moele.me/v/11467/11457799_a-01.mp4,https://v.moele.me/v/11467/11457799_a-01.webm
https://video.r2.moele.me/v/11032/11022778_a-01.mp4,https://v.moele.me/v/11032/11022778_a-01.webm
https://video.r2.moele.me/v/11145/11135454_a-01.mp4,https://v.moele.me/v/11145/11135454_a-01.webm
https://video.r2.moele.me/v/10341/10331176_a-01.mp4,https://v.moele.me/v/10341/10331176_a-01.webm
https://video.r2.moele.me/v/10309/10299393_a-01.mp4,https://v.moele.me/v/10309/10299393_a-01.webm
https://video.r2.moele.me/v/1370/9360804_a-01.mp4,https://v.moele.me/v/1370/9360804_a-01.webm
https://video.r2.moele.me/v/1346/9336565_a-01.mp4,https://v.moele.me/v/1346/9336565_a-01.webm
https://video.r2.moele.me/v/1098/9088265_a-01.mp4,https://v.moele.me/v/1098/9088265_a-01.webm
https://video.r2.moele.me/v/60/583352_a-01.mp4,https://v.moele.me/v/60/583352_a-01.webm
https://video.r2.moele.me/v/27957/27947282_a-01.mp4,https://v.moele.me/v/27957/27947282_a-01.webm
https://video.r2.moele.me/v/27960/27950681_a-01.mp4,https://v.moele.me/v/27960/27950681_a-01.webm
https://video.r2.moele.me/v/27936/27926083_a-01.mp4,https://v.moele.me/v/27936/27926083_a-01.webm
https://video.r2.moele.me/v/27915/27905573_a-01.mp4,https://v.moele.me/v/27915/27905573_a-01.webm
https://video.r2.moele.me/v/27905/27895928_a-01.mp4,https://v.moele.me/v/27905/27895928_a-01.webm
https://video.r2.moele.me/v/27835/27825993_a-01.mp4,https://v.moele.me/v/27835/27825993_a-01.webm
https://video.r2.moele.me/v/27827/27817711_a-01.mp4,https://v.moele.me/v/27827/27817711_a-01.webm
https://video.r2.moele.me/v/27764/27754930_a-01.mp4,https://v.moele.me/v/27764/27754930_a-01.webm
https://video.r2.moele.me/v/27768/27758629_a-01.mp4,https://v.moele.me/v/27768/27758629_a-01.webm
https://video.r2.moele.me/v/27769/27759961_a-01.mp4,https://v.moele.me/v/27769/27759961_a-01.webm
https://video.r2.moele.me/v/27757/27747708_a-01.mp4,https://v.moele.me/v/27757/27747708_a-01.webm
https://video.r2.moele.me/v/27753/27743516_a-01.mp4,https://v.moele.me/v/27753/27743516_a-01.webm
https://video.r2.moele.me/v/27729/27719720_a-01.mp4,https://v.moele.me/v/27729/27719720_a-01.webm
https://video.r2.moele.me/v/27703/27693004_a-01.mp4,https://v.moele.me/v/27703/27693004_a-01.webm
https://video.r2.moele.me/v/27704/27694710_a-01.mp4,https://v.moele.me/v/27704/27694710_a-01.webm
https://video.r2.moele.me/v/27706/27696803_a-01.mp4,https://v.moele.me/v/27706/27696803_a-01.webm
https://video.r2.moele.me/v/27703/27693957_a-01.mp4,https://v.moele.me/v/27703/27693957_a-01.webm
https://video.r2.moele.me/v/27630/27620092_a-01.mp4,https://v.moele.me/v/27630/27620092_a-01.webm
https://video.r2.moele.me/v/27623/27613118_a-01.mp4,https://v.moele.me/v/27623/27613118_a-01.webm
https://video.r2.moele.me/v/27624/27614052_a-01.mp4,https://v.moele.me/v/27624/27614052_a-01.webm
https://video.r2.moele.me/v/27624/27614818_a-01.mp4,https://v.moele.me/v/27624/27614818_a-01.webm
https://video.r2.moele.me/v/27624/27614989_a-01.mp4,https://v.moele.me/v/27624/27614989_a-01.webm
https://video.r2.moele.me/v/27619/27609623_a-01.mp4,https://v.moele.me/v/27619/27609623_a-01.webm
https://video.r2.moele.me/v/27599/27589085_a-01.mp4,https://v.moele.me/v/27599/27589085_a-01.webm
https://video.r2.moele.me/v/27587/27577379_a-01.mp4,https://v.moele.me/v/27587/27577379_a-01.webm
https://video.r2.moele.me/v/27587/27577176_a-01.mp4,https://v.moele.me/v/27587/27577176_a-01.webm
https://video.r2.moele.me/v/27565/27555778_a-01.mp4,https://v.moele.me/v/27565/27555778_a-01.webm
https://video.r2.moele.me/v/27541/27531956_a-01.mp4,https://v.moele.me/v/27541/27531956_a-01.webm
https://video.r2.moele.me/v/27481/27471237_a-01.mp4,https://v.moele.me/v/27481/27471237_a-01.webm
https://video.r2.moele.me/v/27480/27470309_a-01.mp4,https://v.moele.me/v/27480/27470309_a-01.webm
https://video.r2.moele.me/v/27443/27433778_a-01.mp4,https://v.moele.me/v/27443/27433778_a-01.webm
https://video.r2.moele.me/v/27444/27434437_a-01.mp4,https://v.moele.me/v/27444/27434437_a-01.webm
https://video.r2.moele.me/v/27444/27434736_a-01.mp4,https://v.moele.me/v/27444/27434736_a-01.webm
https://video.r2.moele.me/v/27444/27434782_a-01.mp4,https://v.moele.me/v/27444/27434782_a-01.webm
https://video.r2.moele.me/v/27445/27435603_a-01.mp4,https://v.moele.me/v/27445/27435603_a-01.webm
https://video.r2.moele.me/v/27445/27435680_a-01.mp4,https://v.moele.me/v/27445/27435680_a-01.webm
https://video.r2.moele.me/v/27454/27444627_a-01.mp4,https://v.moele.me/v/27454/27444627_a-01.webm
https://video.r2.moele.me/v/27442/27432634_a-01.mp4,https://v.moele.me/v/27442/27432634_a-01.webm
https://video.r2.moele.me/v/27349/27339400_a-01.mp4,https://v.moele.me/v/27349/27339400_a-01.webm
https://video.r2.moele.me/v/27243/27233320_a-01.mp4,https://v.moele.me/v/27243/27233320_a-01.webm
https://video.r2.moele.me/v/27303/27293650_a-01.mp4,https://v.moele.me/v/27303/27293650_a-01.webm
https://video.r2.moele.me/v/27303/27293220_a-01.mp4,https://v.moele.me/v/27303/27293220_a-01.webm
https://video.r2.moele.me/v/27284/27274103_a-01.mp4,https://v.moele.me/v/27284/27274103_a-01.webm
https://video.r2.moele.me/v/27284/27274117_a-01.mp4,https://v.moele.me/v/27284/27274117_a-01.webm
https://video.r2.moele.me/v/27284/27274136_a-01.mp4,https://v.moele.me/v/27284/27274136_a-01.webm
https://video.r2.moele.me/v/27263/27253960_a-01.mp4,https://v.moele.me/v/27263/27253960_a-01.webm
https://video.r2.moele.me/v/27245/27235503_a-01.mp4,https://v.moele.me/v/27245/27235503_a-01.webm
https://video.r2.moele.me/v/27192/27182856_a-01.mp4,https://v.moele.me/v/27192/27182856_a-01.webm
https://video.r2.moele.me/v/27169/27159282_a-01.mp4,https://v.moele.me/v/27169/27159282_a-01.webm
https://video.r2.moele.me/v/27043/27033870_a-01.mp4,https://v.moele.me/v/27043/27033870_a-01.webm
https://video.r2.moele.me/v/27044/27034136_a-01.mp4,https://v.moele.me/v/27044/27034136_a-01.webm
https://video.r2.moele.me/v/27049/27039230_a-01.mp4,https://v.moele.me/v/27049/27039230_a-01.webm
https://video.r2.moele.me/v/27156/27146429_a-01.mp4,https://v.moele.me/v/27156/27146429_a-01.webm
https://video.r2.moele.me/v/27153/27143809_a-01.mp4,https://v.moele.me/v/27153/27143809_a-01.webm
https://video.r2.moele.me/v/27128/27118599_a-01.mp4,https://v.moele.me/v/27128/27118599_a-01.webm
https://video.r2.moele.me/v/27092/27082931_a-01.mp4,https://v.moele.me/v/27092/27082931_a-01.webm
https://video.r2.moele.me/v/27085/27075367_a-01.mp4,https://v.moele.me/v/27085/27075367_a-01.webm
https://video.r2.moele.me/v/27085/27075383_a-01.mp4,https://v.moele.me/v/27085/27075383_a-01.webm
https://video.r2.moele.me/v/27085/27075361_a-01.mp4,https://v.moele.me/v/27085/27075361_a-01.webm
https://video.r2.moele.me/v/27080/27070966_a-01.mp4,https://v.moele.me/v/27080/27070966_a-01.webm
https://video.r2.moele.me/v/27075/27065947_a-01.mp4,https://v.moele.me/v/27075/27065947_a-01.webm
https://video.r2.moele.me/v/26995/26985932_a-01.mp4,https://v.moele.me/v/26995/26985932_a-01.webm
https://video.r2.moele.me/v/26995/26985640_a-01.mp4,https://v.moele.me/v/26995/26985640_a-01.webm
https://video.r2.moele.me/v/26953/26943277_a-01.mp4,https://v.moele.me/v/26953/26943277_a-01.webm
https://video.r2.moele.me/v/26916/26906419_a-01.mp4,https://v.moele.me/v/26916/26906419_a-01.webm
https://video.r2.moele.me/v/26930/26920502_a-01.mp4,https://v.moele.me/v/26930/26920502_a-01.webm
https://video.r2.moele.me/v/26922/26912836_a-01.mp4,https://v.moele.me/v/26922/26912836_a-01.webm
https://video.r2.moele.me/v/26913/26903186_a-01.mp4,https://v.moele.me/v/26913/26903186_a-01.webm
https://video.r2.moele.me/v/26907/26897324_a-01.mp4,https://v.moele.me/v/26907/26897324_a-01.webm
https://video.r2.moele.me/v/26818/26808734_a-01.mp4,https://v.moele.me/v/26818/26808734_a-01.webm
https://video.r2.moele.me/v/26864/26854421_a-01.mp4,https://v.moele.me/v/26864/26854421_a-01.webm
https://video.r2.moele.me/v/26874/26864131_a-01.mp4,https://v.moele.me/v/26874/26864131_a-01.webm
https://video.r2.moele.me/v/26865/26855192_a-01.mp4,https://v.moele.me/v/26865/26855192_a-01.webm
https://video.r2.moele.me/v/26855/26845215_a-01.mp4,https://v.moele.me/v/26855/26845215_a-01.webm
https://video.r2.moele.me/v/26848/26838186_a-01.mp4,https://v.moele.me/v/26848/26838186_a-01.webm
https://video.r2.moele.me/v/26846/26836107_a-01.mp4,https://v.moele.me/v/26846/26836107_a-01.webm
https://video.r2.moele.me/v/26834/26824616_a-01.mp4,https://v.moele.me/v/26834/26824616_a-01.webm
https://video.r2.moele.me/v/26830/26820346_a-01.mp4,https://v.moele.me/v/26830/26820346_a-01.webm
https://video.r2.moele.me/v/26807/26797730_a-01.mp4,https://v.moele.me/v/26807/26797730_a-01.webm
https://video.r2.moele.me/v/26701/26691212_a-01.mp4,https://v.moele.me/v/26701/26691212_a-01.webm
https://video.r2.moele.me/v/26701/26691221_a-01.mp4,https://v.moele.me/v/26701/26691221_a-01.webm
https://video.r2.moele.me/v/26577/26567190_a-01.mp4,https://v.moele.me/v/26577/26567190_a-01.webm
https://video.r2.moele.me/v/26564/26554435_a-01.mp4,https://v.moele.me/v/26564/26554435_a-01.webm
https://video.r2.moele.me/v/26528/26518138_a-01.mp4,https://v.moele.me/v/26528/26518138_a-01.webm
https://video.r2.moele.me/v/26529/26519203_a-01.mp4,https://v.moele.me/v/26529/26519203_a-01.webm
https://video.r2.moele.me/v/26517/26507748_a-01.mp4,https://v.moele.me/v/26517/26507748_a-01.webm
https://video.r2.moele.me/v/26517/26507273_a-01.mp4,https://v.moele.me/v/26517/26507273_a-01.webm
https://video.r2.moele.me/v/26513/26503423_a-01.mp4,https://v.moele.me/v/26513/26503423_a-01.webm
https://video.r2.moele.me/v/26509/26499962_a-01.mp4,https://v.moele.me/v/26509/26499962_a-01.webm
https://video.r2.moele.me/v/26465/26455061_a-01.mp4,https://v.moele.me/v/26465/26455061_a-01.webm
https://video.r2.moele.me/v/26465/26455263_a-01.mp4,https://v.moele.me/v/26465/26455263_a-01.webm
https://video.r2.moele.me/v/26502/26492321_a-01.mp4,https://v.moele.me/v/26502/26492321_a-01.webm
https://video.r2.moele.me/v/26449/26439648_a-01.mp4,https://v.moele.me/v/26449/26439648_a-01.webm
https://video.r2.moele.me/v/26342/26332266_a-01.mp4,https://v.moele.me/v/26342/26332266_a-01.webm
https://video.r2.moele.me/v/26243/26233060_a-01.mp4,https://v.moele.me/v/26243/26233060_a-01.webm
https://video.r2.moele.me/v/26242/26232676_a-01.mp4,https://v.moele.me/v/26242/26232676_a-01.webm
https://video.r2.moele.me/v/26243/26233004_a-01.mp4,https://v.moele.me/v/26243/26233004_a-01.webm
https://video.r2.moele.me/v/26241/26231626_a-01.mp4,https://v.moele.me/v/26241/26231626_a-01.webm
https://video.r2.moele.me/v/26229/26219575_a-01.mp4,https://v.moele.me/v/26229/26219575_a-01.webm
https://video.r2.moele.me/v/26074/26064801_a-01.mp4,https://v.moele.me/v/26074/26064801_a-01.webm
https://video.r2.moele.me/v/26035/26025377_a-01.mp4,https://v.moele.me/v/26035/26025377_a-01.webm
https://video.r2.moele.me/v/25991/25981027_a-01.mp4,https://v.moele.me/v/25991/25981027_a-01.webm
https://video.r2.moele.me/v/25989/25979357_a-01.mp4,https://v.moele.me/v/25989/25979357_a-01.webm
https://video.r2.moele.me/v/25971/25961121_a-01.mp4,https://v.moele.me/v/25971/25961121_a-01.webm
https://video.r2.moele.me/v/25954/25944565_a-01.mp4,https://v.moele.me/v/25954/25944565_a-01.webm
https://video.r2.moele.me/v/25951/25941451_a-01.mp4,https://v.moele.me/v/25951/25941451_a-01.webm
https://video.r2.moele.me/v/25951/25941331_a-01.mp4,https://v.moele.me/v/25951/25941331_a-01.webm
https://video.r2.moele.me/v/25904/25894451_a-01.mp4,https://v.moele.me/v/25904/25894451_a-01.webm
https://video.r2.moele.me/v/25849/25839863_a-01.mp4,https://v.moele.me/v/25849/25839863_a-01.webm
https://video.r2.moele.me/v/25821/25811345_a-01.mp4,https://v.moele.me/v/25821/25811345_a-01.webm
https://video.r2.moele.me/v/25451/25441031_a-01.mp4,https://v.moele.me/v/25451/25441031_a-01.webm
https://video.r2.moele.me/v/25800/25790850_a-01.mp4,https://v.moele.me/v/25800/25790850_a-01.webm
https://video.r2.moele.me/v/25793/25783301_a-01.mp4,https://v.moele.me/v/25793/25783301_a-01.webm
https://video.r2.moele.me/v/25788/25778820_a-01.mp4,https://v.moele.me/v/25788/25778820_a-01.webm
https://video.r2.moele.me/v/25743/25733110_a-01.mp4,https://v.moele.me/v/25743/25733110_a-01.webm
https://video.r2.moele.me/v/25743/25733293_a-01.mp4,https://v.moele.me/v/25743/25733293_a-01.webm
https://video.r2.moele.me/v/25743/25733287_a-01.mp4,https://v.moele.me/v/25743/25733287_a-01.webm
https://video.r2.moele.me/v/25702/25692250_a-01.mp4,https://v.moele.me/v/25702/25692250_a-01.webm
https://video.r2.moele.me/v/25621/25611764_a-01.mp4,https://v.moele.me/v/25621/25611764_a-01.webm
https://video.r2.moele.me/v/25620/25610847_a-01.mp4,https://v.moele.me/v/25620/25610847_a-01.webm
https://video.r2.moele.me/v/25627/25617517_a-01.mp4,https://v.moele.me/v/25627/25617517_a-01.webm
https://video.r2.moele.me/v/25564/25554088_a-01.mp4,https://v.moele.me/v/25564/25554088_a-01.webm
https://video.r2.moele.me/v/25564/25554089_a-01.mp4,https://v.moele.me/v/25564/25554089_a-01.webm
https://video.r2.moele.me/v/25553/25543589_a-01.mp4,https://v.moele.me/v/25553/25543589_a-01.webm
https://video.r2.moele.me/v/25547/25537894_a-01.mp4,https://v.moele.me/v/25547/25537894_a-01.webm
https://video.r2.moele.me/v/25545/25535392_a-01.mp4,https://v.moele.me/v/25545/25535392_a-01.webm
https://video.r2.moele.me/v/25546/25536065_a-01.mp4,https://v.moele.me/v/25546/25536065_a-01.webm
https://video.r2.moele.me/v/25546/25536460_a-01.mp4,https://v.moele.me/v/25546/25536460_a-01.webm
https://video.r2.moele.me/v/25527/25517733_a-01.mp4,https://v.moele.me/v/25527/25517733_a-01.webm
https://video.r2.moele.me/v/25523/25513040_a-01.mp4,https://v.moele.me/v/25523/25513040_a-01.webm
https://video.r2.moele.me/v/25505/25495316_a-01.mp4,https://v.moele.me/v/25505/25495316_a-01.webm
https://video.r2.moele.me/v/25499/25489284_a-01.mp4,https://v.moele.me/v/25499/25489284_a-01.webm
https://video.r2.moele.me/v/25401/25391063_a-01.mp4,https://v.moele.me/v/25401/25391063_a-01.webm
https://video.r2.moele.me/v/25330/25320859_a-01.mp4,https://v.moele.me/v/25330/25320859_a-01.webm
https://video.r2.moele.me/v/25325/25315906_a-01.mp4,https://v.moele.me/v/25325/25315906_a-01.webm
https://video.r2.moele.me/v/25282/25272106_a-01.mp4,https://v.moele.me/v/25282/25272106_a-01.webm
https://video.r2.moele.me/v/25268/25258853_a-01.mp4,https://v.moele.me/v/25268/25258853_a-01.webm
https://video.r2.moele.me/v/25255/25245395_a-01.mp4,https://v.moele.me/v/25255/25245395_a-01.webm
https://video.r2.moele.me/v/25251/25241199_a-01.mp4,https://v.moele.me/v/25251/25241199_a-01.webm
https://video.r2.moele.me/v/25246/25236746_a-01.mp4,https://v.moele.me/v/25246/25236746_a-01.webm
https://video.r2.moele.me/v/25238/25228997_a-01.mp4,https://v.moele.me/v/25238/25228997_a-01.webm
https://video.r2.moele.me/v/25215/25205965_a-01.mp4,https://v.moele.me/v/25215/25205965_a-01.webm
https://video.r2.moele.me/v/25197/25187074_a-01.mp4,https://v.moele.me/v/25197/25187074_a-01.webm
https://video.r2.moele.me/v/19330/19320360_a-01.mp4,https://v.moele.me/v/19330/19320360_a-01.webm
https://video.r2.moele.me/v/25132/25122533_a-01.mp4,https://v.moele.me/v/25132/25122533_a-01.webm
https://video.r2.moele.me/v/25149/25139241_a-01.mp4,https://v.moele.me/v/25149/25139241_a-01.webm
https://video.r2.moele.me/v/25133/25123958_a-01.mp4,https://v.moele.me/v/25133/25123958_a-01.webm
https://video.r2.moele.me/v/25133/25123240_a-01.mp4,https://v.moele.me/v/25133/25123240_a-01.webm
https://video.r2.moele.me/v/25074/25064758_a-01.mp4,https://v.moele.me/v/25074/25064758_a-01.webm
https://video.r2.moele.me/v/24985/24975416_a-01.mp4,https://v.moele.me/v/24985/24975416_a-01.webm
https://video.r2.moele.me/v/24979/24969523_a-01.mp4,https://v.moele.me/v/24979/24969523_a-01.webm
https://video.r2.moele.me/v/24980/24970560_a-01.mp4,https://v.moele.me/v/24980/24970560_a-01.webm
https://video.r2.moele.me/v/24922/24912267_a-01.mp4,https://v.moele.me/v/24922/24912267_a-01.webm
https://video.r2.moele.me/v/24836/24826827_a-01.mp4,https://v.moele.me/v/24836/24826827_a-01.webm
https://video.r2.moele.me/v/24826/24816822_a-01.mp4,https://v.moele.me/v/24826/24816822_a-01.webm
https://video.r2.moele.me/v/24806/24796457_a-01.mp4,https://v.moele.me/v/24806/24796457_a-01.webm
https://video.r2.moele.me/v/24797/24787330_a-01.mp4,https://v.moele.me/v/24797/24787330_a-01.webm
https://video.r2.moele.me/v/24797/24787356_a-01.mp4,https://v.moele.me/v/24797/24787356_a-01.webm
https://video.r2.moele.me/v/24785/24775887_a-01.mp4,https://v.moele.me/v/24785/24775887_a-01.webm
https://video.r2.moele.me/v/24748/24738183_a-01.mp4,https://v.moele.me/v/24748/24738183_a-01.webm
https://video.r2.moele.me/v/24732/24722794_a-01.mp4,https://v.moele.me/v/24732/24722794_a-01.webm
https://video.r2.moele.me/v/24685/24675394_a-01.mp4,https://v.moele.me/v/24685/24675394_a-01.webm
https://video.r2.moele.me/v/24580/24570261_a-01.mp4,https://v.moele.me/v/24580/24570261_a-01.webm
https://video.r2.moele.me/v/24631/24621450_a-01.mp4,https://v.moele.me/v/24631/24621450_a-01.webm
https://video.r2.moele.me/v/24618/24608046_a-01.mp4,https://v.moele.me/v/24618/24608046_a-01.webm
https://video.r2.moele.me/v/24592/24582249_a-01.mp4,https://v.moele.me/v/24592/24582249_a-01.webm
https://video.r2.moele.me/v/24589/24579532_a-01.mp4,https://v.moele.me/v/24589/24579532_a-01.webm
https://video.r2.moele.me/v/24572/24562265_a-01.mp4,https://v.moele.me/v/24572/24562265_a-01.webm
https://video.r2.moele.me/v/24538/24528194_a-01.mp4,https://v.moele.me/v/24538/24528194_a-01.webm
https://video.r2.moele.me/v/24544/24534577_a-01.mp4,https://v.moele.me/v/24544/24534577_a-01.webm
https://video.r2.moele.me/v/24535/24525966_a-01.mp4,https://v.moele.me/v/24535/24525966_a-01.webm
https://video.r2.moele.me/v/24500/24490860_a-01.mp4,https://v.moele.me/v/24500/24490860_a-01.webm
https://video.r2.moele.me/v/24425/24415359_a-01.mp4,https://v.moele.me/v/24425/24415359_a-01.webm
https://video.r2.moele.me/v/24310/24300352_a-01.mp4,https://v.moele.me/v/24310/24300352_a-01.webm
https://video.r2.moele.me/v/24307/24297121_a-01.mp4,https://v.moele.me/v/24307/24297121_a-01.webm
https://video.r2.moele.me/v/24307/24297176_a-01.mp4,https://v.moele.me/v/24307/24297176_a-01.webm
https://video.r2.moele.me/v/24298/24288140_a-01.mp4,https://v.moele.me/v/24298/24288140_a-01.webm
